,tg,lon,lat,num_year,num_95pcs,corrn,rmse
0,"aasiaat,greenland-001-glossdm-bodc.csv",-52.883,68.71,1.0,68,0.7085632855581112,0.07357929891654212
0,abashiri-japan-jma.csv,144.28,44.017,36.0,119,0.7934641789811028,0.05183143731893508
0,aberdeen-p038-uk-bodc.csv,-2.0745,57.143,35.0,74,0.8234086565710446,0.08825856399969674
0,abidjan_vridi-230a-ivory_coast-uhslc.csv,-4,5.2417,8.0,180,0.29043515205691095,0.04863464317851303
0,aburatsu-japan-jma.csv,131.42,31.567,36.0,152,0.614233808567001,0.06479986046619855
0,acajutla_c-082c-el_salvador-uhslc.csv,-89.833,13.583,34.0,271,0.20623094281513626,0.06995110294630615
0,"acapulco_c,gro.-316c-mexico-uhslc.csv",-99.912,16.84,33.0,268,0.2867404485262556,0.0632132747447672
0,"adak,alaska-040a-usa-uhslc.csv",-176.63,51.863,35.0,80,0.794493264978885,0.07630312066665783
0,"aden-172a-yemen,_p.d.r-uhslc.csv",44.975,12.788,6.0,141,0.273833481258174,0.036367651710016845
0,"aguadilla,pr-263a-usa-uhslc.csv",-67.163,18.457,5.0,67,0.3255490066118777,0.031592415109936316
0,ajaccio_aspretto-france-med-refmar.csv,8.7628,41.923,12.0,150,0.7374632681889276,0.04803680187015613
0,akabane-japan-jma.csv,137.18,34.6,7.0,170,0.6008763067779581,0.0888076821638343
0,akyab__sittwe_-907a-myanmar-uhslc.csv,92.903,20.14,2.0,86,0.5335914343652054,0.12234786384743426
0,alameda_navalairstation_-usa-noaa.csv,-122.3,37.772,36.0,156,0.7554895648384913,0.047831847774827976
0,albany-001-australia-johnhunter.csv,117.88,-35.024,27.0,67,0.8177647296541467,0.06368378455872237
0,alcudia-alcudia-spain-pde.csv,3.1392,39.835,5.0,112,0.7575471178032274,0.051205195257584456
0,algeciras-alge-spain-ieo.csv,-5.4333,36.117,34.0,159,0.5689202009439984,0.08170008716261574
0,almeria-almeria-spain-pde.csv,-2.478,36.83,10.0,152,0.6950401843226426,0.04875104128887042
0,alotau-069a-papua_new_guinea-uhslc.csv,150.45,-10.168,8.0,67,0.22407326997977403,0.03496334529797684
0,amami-japan-jma.csv,129.53,28.317,18.0,114,0.5420199761420426,0.05595918820520289
0,ambon_b-133b-indonesia-uhslc.csv,128.18,-3.6833,15.0,67,0.34839901447395205,0.05345311836057502
0,"ammassalik,greenland-001-glossdm-bodc.csv",-37,65.5,7.0,86,0.7010398838879638,0.13331841876153713
0,ammassalik-297a-denmark-uhslc.csv,-37,65.6,7.0,81,0.7299774064600142,0.11912602628778404
0,anchorage-usa-noaa.csv,-149.89,61.238,31.0,161,0.5539353861617503,0.1613291506071966
0,ancona-ancona-italy-idromare.csv,13.505999999999998,43.625,18.0,248,0.7520351842341096,0.0782079291225147
0,andenes-001-glossdm-bodc.csv,16.15,69.317,13.0,83,0.7843767809329341,0.08592902430424769
0,angra_heroismo_b-215b-portugal-uhslc.csv,-27.24,38.65,5.0,46,0.8022889777556628,0.03958918380262404
0,annapolis_navalacademy_-usa-noaa.csv,-76.482,38.983,37.0,132,0.7479830535283419,0.10089220835833228
0,antofagasta-080a-chile-uhslc.csv,-70.4,-23.65,33.0,136,0.20912834953004475,0.05148529065661446
0,apalachicola-usa-noaa.csv,-84.98200000000001,29.727,20.0,142,0.806012887893577,0.07882645812389925
0,apia_b-401b-western_samoa-uhslc.csv,-171.75,-13.817,20.0,54,0.32606499454406507,0.02904210465255197
0,arcachon_eyrac-france-refmar.csv,-1.1636,44.665,25.0,120,0.7613785208402031,0.08948223047888619
0,"arecibo,_pr-735a-usa-uhslc.csv",-66.702,18.48,4.0,61,0.41508743590529396,0.03300473451537793
0,"arena_cove,_ca-573a-usa-uhslc.csv",-123.71,38.913,18.0,136,0.7521830557343572,0.06529854540670474
0,"argentia,nf-00835-canada-meds.csv",-53.983,47.3,37.0,93,0.6602928597149205,0.0958267280184442
0,arica-083a-chile-uhslc.csv,-70.333,-18.467,16.0,239,0.21333915326981148,0.04798976147858273
0,arrecife-arre-spain-ieo.csv,-13.53,28.972,30.0,58,0.362641606966311,0.07853561435706331
0,ascension_uk_noc.csv,-14.417,-7.9167,20.0,36,0.21398802119623467,0.023514168378592284
0,"astoria,or-572a-usa-uhslc.csv",-123.77,46.208,35.0,132,0.7779741291256278,0.09019532683317032
0,atlantic_city-264a-usa-uhslc.csv,-74.418,39.355,35.0,122,0.7890228721947444,0.10069736620523864
0,auckland-070a-new_zealand-uhslc.csv,174.77,-36.85,4.0,77,0.7972726775492568,0.05185048845958884
0,avonmouth-p060-uk-bodc.csv,-2.715,51.511,26.0,69,0.5711256515912323,0.20894813203022947
0,awayuki-japan-jma.csv,134.6,33.767,9.0,153,0.5791550951662512,0.06850177030501851
0,ayukawa-japan-jma.csv,141.5,38.3,36.0,165,0.7571043818082807,0.04628414740049888
0,bahia_los_angeles-310a-mexico-uhslc.csv,-113.55,28.958,13.0,117,0.34407564912698396,0.05263587419077591
0,bakar-bakar_I-croatia-university_zagreb.csv,14.533,45.3,37.0,260,0.7803040787925,0.07950673615062598
0,balboa-302a-panama-uhslc.csv,-79.57300000000002,8.9617,34.0,192,0.216214863305798,0.0734990370578724
0,baltimore-usa-noaa.csv,-76.578,39.267,37.0,129,0.7426818694786478,0.10986623042154138
0,baltra_b-003b-ecuador-uhslc.csv,-90.285,-0.435,27.0,54,0.21488347787449205,0.038900434072423024
0,"bamfield,bc-08545-canada-meds.csv",-125.14,48.83600000000001,37.0,209,0.6696858271438744,0.09303001424396917
0,bangor-p662-uk-bodc.csv,-5.6695,54.665,19.0,78,0.804363379654476,0.10725229003808585
0,"barbers_point,hi-547a-usa-uhslc.csv",-158.12,21.32,2.0,47,0.3900207278797715,0.026144246699754556
0,barcelona-barcelona-spain-pde.csv,2.1630000000000003,41.342,23.0,148,0.7357706145056107,0.05387082483191867
0,"barharbor,frenchmanbay,me-usa-noaa.csv",-68.205,44.392,37.0,94,0.7170716556931163,0.08254537137568171
0,bari-bari-italy-idromare.csv,16.912,41.137,30.0,177,0.5127302699890876,0.08807068524566354
0,barmouth-p923-uk-bodc.csv,-4.0452,52.719,24.0,75,0.7558635606661144,0.14784764272778136
0,barseback-001-sweden-smhi.csv,12.903,55.756,23.0,83,0.7401653104403179,0.10239477725149275
0,base_prat_b-730b-chile-uhslc.csv,-59.633,-62.483,29.0,89,0.7966788748507713,0.07134540600269791
0,bayonne_boucau-france-refmar.csv,-1.5148,43.527,36.0,117,0.7660024314598672,0.07899139573102405
0,beihai-636a-china-uhslc.csv,109.08,21.483,20.0,106,0.5813282247564961,0.0956567396393175
0,"bellabella,bc-08976-canada-meds.csv",-128.14,52.163,37.0,167,0.6357116138828782,0.10312394795659463
0,benoa_b-163b-indonesia-uhslc.csv,115.21,-8.745,22.0,96,0.23354238413410278,0.08565390969386716
0,"bermuda,st.georgesisland-001-glossdm-bodc.csv",-64.7,32.4,18.0,64,0.5447819478640542,0.06981685862490952
0,bilbao-bilbao-spain-pde.csv,-3.05,43.357,23.0,114,0.796236326146356,0.055401160925392504
0,bintulu-387a-malaysia-uhslc.csv,113.07,3.2167,20.0,343,0.38906267344366574,0.05053977159805312
0,bitung-033a-indonesia-uhslc.csv,125.19,1.44,25.0,97,0.2069701326258039,0.04098297367472334
0,bluff-072a-new_zealand-uhslc.csv,168.35,-46.6,30.0,90,0.8497581048008616,0.07091891898707423
0,bonanza-bonanza-spain-pde.csv,-6.34,36.8,23.0,142,0.7668535873823076,0.059825476456226025
0,booby_island-336a-australia-uhslc.csv,141.92,-10.6,26.0,68,0.5868966231395965,0.09054346519106427
0,"boston,ma-741a-usa-uhslc.csv",-71.05199999999998,42.355,35.0,105,0.7681682868381512,0.08581369272776189
0,boulogne-sur-mer-france-refmar.csv,1.5777,50.727,36.0,76,0.7243652719585156,0.1483994452950236
0,bournemouth-p988-uk-bodc.csv,-1.8749,50.714,17.0,82,0.7499152349681946,0.08640033022096512
0,brest-france-refmar.csv,-4.5,48.383,36.0,72,0.794570592848848,0.08446717560380519
0,bridgeport-usa-noaa.csv,-73.182,41.173,37.0,112,0.7681215717261536,0.10852453936911977
0,bridgetown_d-249d-barbados-uhslc.csv,-59.617,13.1,2.0,52,0.1022528705234906,0.07720014025581168
0,brisbane-002-australia-johnhunter.csv,153.03,-27.468000000000004,26.0,129,0.5236977003178622,0.06732559794361788
0,brisbane-331a-australia-uhslc.csv,153.17,-27.367,30.0,137,0.5266808694459139,0.0654376418455792
0,broome-004-australia-johnhunter.csv,122.24,-17.955,28.0,110,0.4094908825826832,0.07476099978764236
0,buenaventura-085a-colombia-uhslc.csv,-77.1,3.9,35.0,504,0.14362238640163,0.11344197846304417
0,bunbury-006-australia-johnhunter.csv,115.64,-33.327,27.0,69,0.8256008022418184,0.07785928560781648
0,bundaberg-003-australia-johnhunter.csv,152.35,-24.833,25.0,101,0.4529838496477927,0.06705569775143858
0,bundaberg-332a-australia-uhslc.csv,152.38,-24.767,30.0,107,0.44000087014989,0.06872947831466263
0,burnie-005-australia-johnhunter.csv,145.91,-41.053,21.0,80,0.7718283754917064,0.06938190790568032
0,burnie-344a-australia-uhslc.csv,145.91,-41.5,21.0,77,0.8099948117026209,0.06216896708121108
0,cabo_san_lucas-034a-mexico-uhslc.csv,-109.91,22.88,23.0,116,0.40590645032225725,0.039468297300169174
0,cadiz-cadi-spain-ieo.csv,-6.2833,36.533,35.0,149,0.6660240622465788,0.06698199945530761
0,cagliari-cagliari-italy-idromare.csv,9.1143,39.21,24.0,127,0.7175971536517252,0.05338334219237708
0,cairns-007-australia-johnhunter.csv,145.78,-16.925,21.0,92,0.6441016521700529,0.054273613433024157
0,calais-france-refmar.csv,1.8677,50.969,33.0,80,0.7228796635841743,0.14464401134780241
0,"caldera,chile-001-glossdm-bodc.csv",-70.833,-27.067,20.0,146,0.3324933312730611,0.042745116656998164
0,callao_b-093b-peru-uhslc.csv,-77.15,-12.05,35.0,219,0.2051496664316645,0.05252150721475134
0,cambridgeii-usa-noaa.csv,-76.068,38.573,36.0,133,0.7575030048626366,0.09551687222683251
0,"campbellriver,bc-08074-canada-meds.csv",-125.25,50.042,37.0,196,0.6752284146341776,0.0996061578865987
0,cananeia-281a-brazil-uhslc.csv,-47.925,-25.017,27.0,180,0.7617824396038703,0.1266673003224947
0,"capehatteras,u.s.a.-001-glossdm-bodc.csv",-75.635,35.223,8.0,89,0.6069934412915461,0.11162904943397593
0,capemay-usa-noaa.csv,-74.96,38.968,35.0,126,0.7951335748425228,0.09597754012258419
0,cape_ferguson-343a-australia-uhslc.csv,147.06,-19.277,22.0,87,0.7232896728339816,0.059934923825921325
0,"cape_may,nj-746a-usa-uhslc.csv",-74.96,38.968,35.0,123,0.7934671307457342,0.09600259414227649
0,cape_town-704a-south_africa-uhslc.csv,18.433,-33.9,32.0,90,0.7724475541643802,0.06197878192740136
0,carloforte-carloforte-italy-idromare.csv,8.3095,39.148,12.0,129,0.7557984474202003,0.04937184605135967
0,carnarvon-008-australia-johnhunter.csv,113.66,-24.884,27.0,72,0.7370311984894797,0.06417905131681129
0,cartagena_b-265b-colombia-uhslc.csv,-75.533,10.383,36.0,284,0.22323438192955214,0.04567555156097048
0,cascais-209a-portugal-uhslc.csv,-9.4167,38.692,28.0,88,0.735863330513532,0.0532837868500962
0,casey-130a-australia-uhslc.csv,110.53,-66.283,11.0,59,0.7606712416013229,0.06840305037299456
0,castletownsend-835a-ireland-uhslc.csv,-9.1833,51.533,4.0,59,0.7587771541083989,0.08370935285823089
0,catalina_b-313b-usa-uhslc.csv,-118.48,33.45,7.0,112,0.4180895747806074,0.06508286266296047
0,catania-catania-italy-idromare.csv,15.094,37.49800000000001,32.0,111,0.4015801407879914,0.06625523817135096
0,cayenne-227a-france-uhslc.csv,-52.283,4.85,1.0,63,0.5119305738379986,0.034760791349967006
0,cebu-379a-philippines-uhslc.csv,123.92,10.3,15.0,106,0.28153262832385434,0.04143228833780136
0,cedarkeyii-usa-noaa.csv,-83.03200000000002,29.135,19.0,155,0.7798721395032596,0.10002214241346663
0,cedros_island-305a-mexico-uhslc.csv,-115.18,28.1,10.0,90,0.31236705303605933,0.051294191518013975
0,celestun-861a-mexico-uhslc.csv,-90.403,20.858,1.0,58,0.5053479767126662,0.10987488477464445
0,cendering-320a-malaysia-uhslc.csv,103.18,5.2667,28.0,262,0.6550903996288182,0.06763623162074177
0,centuri-france-med-refmar.csv,9.3498,42.966,4.0,170,0.7272558187623513,0.0654302309882219
0,ceuta-ceta-spain-ieo.csv,-5.3167,35.9,35.0,177,0.7307885871418893,0.04650513467023222
0,chabahar-915a-iran-uhslc.csv,60.603,25.297,6.0,137,0.35465883795485026,0.04517710246395294
0,charchanga-138a-bangladesh-uhslc.csv,91.05,22.217,22.0,196,0.4650783438865001,0.1719666494070964
0,"charleston,or-575a-usa-uhslc.csv",-124.32,43.345,35.0,127,0.8031322989905799,0.06963856593458857
0,"charleston,sc-261a-usa-uhslc.csv",-79.925,32.782,35.0,134,0.7264536610152333,0.09207384503214347
0,"charlottetown,pei-01700-canada-meds.csv",-63.117,46.233,36.0,95,0.6296080756589252,0.12668746134969866
0,charlotte_amalie-255a-usa-uhslc.csv,-64.92,18.335,32.0,71,0.4036769992359299,0.02937847848070027
0,chatham-079a-new_zealand-uhslc.csv,-176.56,-43.947,10.0,55,0.8432543510668472,0.055774012512927074
0,cherbourg-france-refmar.csv,-1.6355,49.651,36.0,83,0.7851281122153891,0.08874293048823578
0,chesapeake_bbt-749a-usa-uhslc.csv,-76.113,36.967,35.0,130,0.7931907336542545,0.09703755999683683
0,chichijima-japan-jma.csv,142.18,27.1,36.0,89,0.5006995609999958,0.05954753902859409
0,chittagong-124a-bangladesh-uhslc.csv,91.825,22.247,4.0,172,0.4517863805453588,0.13662598393559405
0,choshigyoko-japan-jma.csv,140.87,35.75,34.0,173,0.7921820349566786,0.05118159682077443
0,"christiansted,vi-258a-usa-uhslc.csv",-64.705,17.75,7.0,63,0.28093799706690864,0.03147690184324709
0,christmas-170a-australia-uhslc.csv,105.67,-10.417,20.0,50,-0.14935673491291784,0.08352596438608384
0,"christmas-b,lineis.kiribati-001-glossdm-bodc.csv",-157.48,1.985,20.0,46,0.19733213250872472,0.04565641357609705
0,churchill-274a-canada-uhslc.csv,-94.183,58.767,34.0,80,0.6975530443251775,0.12249895604150363
0,chuuk-054a-fd._st._micronesia-uhslc.csv,151.85,7.45,13.0,77,0.26053079653181077,0.03788946681574312
0,cilicap_b-162b-indonesia-uhslc.csv,109.02,-7.7517,28.0,130,0.29354033230025744,0.09561441589207487
0,ciudad_del_carmen-779a-mexico-uhslc.csv,-91.833,18.533,1.0,84,0.49866965790333434,0.09970610162138842
0,civitavecchia-civitavecchia-italy-idromare.csv,11.79,42.094,11.0,192,0.7540892568021345,0.05292749997047891
0,"clearwater_bch,fl-773a-usa-uhslc.csv",-82.83200000000002,27.977,18.0,142,0.7487300589183317,0.07588387747474999
0,"cocoa_beach,_fl-754a-usa-uhslc.csv",-80.6,28.368,2.0,72,0.5895629421293743,0.08686880834490632
0,cocos-171a-australia-uhslc.csv,96.883,-12.117,28.0,51,0.20138249737299868,0.05882211263605909
0,colombo_c-115c-sri_lanka-uhslc.csv,79.85,6.9333,24.0,86,0.426007612047355,0.046005523060674264
0,concarneau-france-refmar.csv,-3.9072,47.874,15.0,82,0.7697711680005387,0.09051704372655665
0,cordemais-france-refmar.csv,-1.8898,47.277,29.0,89,0.6594648861419706,0.16453612891671382
0,"cordova_b,alaska-583b-usa-uhslc.csv",-145.75,60.558,35.0,149,0.8131112193709085,0.08633926130002369
0,"corpus_cristi,tx-770a-usa-uhslc.csv",-97.217,27.58,26.0,143,0.7017480840544603,0.0811421085160429
0,coruna-coru-spain-ieo.csv,-8.4,43.367,33.0,83,0.7593137476616734,0.07206113099266434
0,cox_s_bazaar-136a-bangladesh-uhslc.csv,91.833,21.45,25.0,201,0.40498562895725987,0.17724442990958655
0,"crescent_city,ca-556a-usa-uhslc.csv",-124.18,41.745,34.0,133,0.7783671337057791,0.07002382387607989
0,cristobal-266a-panama-uhslc.csv,-79.915,9.355,33.0,165,0.41305928501657163,0.03338652985344716
0,cromer-p183-uk-bodc.csv,1.3016,52.934,26.0,73,0.7026372900401091,0.16605513516921983
0,crotone-crotone-italy-idromare.csv,17.137,39.082,15.0,152,0.6779472073302445,0.05928503177036193
0,crozet_b-178b-france-uhslc.csv,51.87,-46.425,1.0,37,0.6258660455094015,0.05959253733972021
0,"culebra,_pr-219a-usa-uhslc.csv",-65.30199999999999,18.3,8.0,64,0.32460120257371805,0.029688494437971318
0,currimao-654a-philippines-uhslc.csv,120.49,17.988,2.0,56,0.5020322727578223,0.05760133754082023
0,cuxhaven-germany-bsh.csv,8.7167,53.867,37.0,75,0.8212878428465595,0.23419814215298357
0,dakar_e-223e-senegal-uhslc.csv,-17.43,14.667,17.0,77,0.3855744305217949,0.04984199435722634
0,dalian_a-630a-china-uhslc.csv,121.66,38.925,12.0,131,0.714900922396674,0.1065492458886752
0,dallmann_c-682c-unconfirmed-uhslc.csv,-58.683,-62.233,3.0,66,0.8146052319838631,0.0801478355668502
0,darwin-009-australia-johnhunter.csv,130.85,-12.467,27.0,100,0.3305577907733766,0.073253613267679
0,dar_es_salaam-102a-tanzania-uhslc.csv,39.288,-6.82,3.0,78,0.02172788428473088,0.08935772688616925
0,"dauphin_island,_al-763a-usa-uhslc.csv",-88.075,30.25,18.0,121,0.7780197315049601,0.07781641429630815
0,davao_b-372b-philippines-uhslc.csv,125.63,7.0833,30.0,139,0.17139791294291865,0.04021436649269051
0,"davis,australia-001-glossdm-bodc.csv",78.5,-68,6.0,60,0.7692228191713931,0.06119796118623466
0,davis-173a-australia-uhslc.csv,77.967,-68.45,17.0,61,0.770597685578841,0.06205866689603441
0,degerby-001-finland-fmi.csv,20.385,60.032,37.0,82,0.5483914775737199,0.11936449312056874
0,delfzijl-del-nl-rws.csv,6.9331,53.326,37.0,73,0.8130688162971842,0.21373192479675263
0,denhelder-hel-nl-rws.csv,4.7464,52.965,37.0,71,0.8248201333244836,0.15716983850266425
0,devonport-p002-uk-bodc.csv,-4.1852,50.368,24.0,79,0.7707618696915584,0.08301090932315305
0,"diegogarcia-d,uk-001-glossdm-bodc.csv",72.433,-7.2333,10.0,50,0.3322767202600456,0.04223439616152323
0,"diegoramirez,chile-001-glossdm-bodc.csv",-68.667,-56.558,1.0,49,0.6234346918805295,0.1355095869020109
0,diego_garcia_d-104d-united_kingdom-uhslc.csv,72.433,-7.2333,24.0,55,0.27998523176089507,0.04197626767152253
0,diego_ramirez-599a-chile-uhslc.csv,-68.715,-56.508,5.0,62,0.7514257501008448,0.10398663552771134
0,dieppe-france-refmar.csv,1.0845,49.929,36.0,84,0.7054409589991582,0.12776273177158054
0,djibouti-119a-djibouti-uhslc.csv,43.14,11.608,5.0,138,0.33989326604947845,0.03655479200697227
0,donges-france-refmar.csv,-2.0883,47.306,26.0,87,0.789490409522372,0.11189907407592307
0,dongfang-637a-china-uhslc.csv,108.62,19.1,20.0,103,0.6143620110984793,0.06687024133550483
0,dover-p012-uk-bodc.csv,1.3181,51.117,34.0,77,0.7433050574164776,0.1209285142843115
0,"duck_pier,nc-260a-usa-uhslc.csv",-75.74,36.183,35.0,123,0.7858545927412366,0.09325234365988966
0,dumont_d_urville-189a-france-uhslc.csv,140.01,-66.66199999999999,2.0,50,0.740466544735426,0.07018429599964832
0,dunkerque-france-refmar.csv,2.3667,51.048,36.0,70,0.7337241350119956,0.15256782437671262
0,durban-181a-south_africa-uhslc.csv,31.05,-29.867,31.0,217,0.4388445399348953,0.07811970727692477
0,"dutch_harbor_b,ak-041b-usa-uhslc.csv",-166.54,53.88,32.0,76,0.8007892343562277,0.07873647604999404
0,dzaoudi-155a-mayotte-uhslc.csv,45.257,-12.78,28.0,78,0.09559346698949027,0.07053367868903879
0,easter_c-022c-chile-uhslc.csv,-109.45,-27.15,35.0,62,0.5727345867396133,0.06395749053362834
0,"eastport,me-740a-usa-uhslc.csv",-66.985,44.903,35.0,94,0.703825994220691,0.08517742754418633
0,east_london-187a-south_africa-uhslc.csv,27.917,-33.017,27.0,119,0.7372765046096088,0.07267537765390977
0,el_hierro-elhierro-spain-pde.csv,-17.9,27.78,10.0,42,0.6751727162887748,0.03277806897973818
0,ensenada-317a-mexico-uhslc.csv,-116.63,31.85,10.0,111,0.46020910249475006,0.0504820694620199
0,esbjerg-130121-denmark-dmi.csv,8.4333,55.467,37.0,77,0.8293650913766994,0.21889025027716494
0,esmeraldas-098a-ecuador-uhslc.csv,-79.64699999999998,0.9917,24.0,277,0.19286545504265237,0.0612716132747631
0,esperance-010-australia-johnhunter.csv,121.89,-33.861,28.0,68,0.8275104788902455,0.07181585331224406
0,"esperanza,argentina-001-glossdm-bodc.csv",-56.995,-63.395,1.0,54,0.8116899161788944,0.07454218439501413
0,"esperanza,_pr-733a-usa-uhslc.csv",-65.47,18.093,8.0,64,0.26999319501353203,0.032817010793299566
0,"esperence,australia-001-glossdm-bodc.csv",121.9,-33.867,13.0,64,0.8281828135906022,0.07071460173385453
0,exuma_cays-256a-bahamas-uhslc.csv,-76.105,23.773000000000003,1.0,38,0.5216043550286529,0.04347119461814009
0,"fajardo_b,pr-783b-usa-uhslc.csv",-65.633,18.333,4.0,58,0.38507801567394445,0.03431169445884189
0,fanning_c-012c-rep._of_kiribati-uhslc.csv,-159.39,3.9067,12.0,41,0.26701139822239395,0.035059194698625604
0,faraday-700a-united_kingdom-uhslc.csv,-64.267,-65.25,26.0,103,0.7891734724028079,0.08139784995508455
0,felixstowe-p204-uk-bodc.csv,1.3484,51.957,30.0,73,0.7282495856180851,0.14915713782588697
0,fer._de_noronha_c-203c-brazil-uhslc.csv,-32.403,-3.8283,2.0,41,-0.38167588057110724,0.03816867829196782
0,fernandina_beach-240a-usa-uhslc.csv,-81.467,30.672,29.0,141,0.7560230479217305,0.10962946865207109
0,ferrol-ferrol-spain-pde.csv,-8.326,43.463,9.0,80,0.8004201578925152,0.06424351716059125
0,fishguard-p055-uk-bodc.csv,-4.9833,52.014,37.0,75,0.7981757180354606,0.09108346520157933
0,"flores,santa_cruz-210a-portugal-uhslc.csv",-31.168000000000006,39.378,36.0,61,0.7323083559017991,0.05699376358476869
0,formentera-formentera-spain-pde.csv,1.4189,38.735,5.0,119,0.7306321111650759,0.05271712232738884
0,forsmark-003-sweden-smhi.csv,18.211,60.409,37.0,93,0.5697746737661612,0.12750039036361166
0,fortaleza_c-283c-brazil-uhslc.csv,-38.467,-3.7167,17.0,62,0.2371372900010077,0.02493524435438234
0,fortdenison-011-australia-johnhunter.csv,151.23,-33.85,27.0,116,0.6949328028328752,0.05776414984941593
0,fortmyers-usa-noaa.csv,-81.87100000000002,26.648000000000003,18.0,133,0.7551941178543669,0.07187954967459889
0,fortpulaski-usa-noaa.csv,-80.902,32.033,36.0,144,0.7477263005255956,0.09989889603861955
0,fort_denison-333a-australia-uhslc.csv,151.23,-33.85,35.0,120,0.7057689698059124,0.05501123357829255
0,fort_de_france-271a-france-uhslc.csv,-61.05,14.583,29.0,65,0.21036308820730087,0.03853878692528847
0,"fort_pulaski,ga-752a-usa-uhslc.csv",-80.902,32.033,34.0,141,0.748322196588227,0.09992807115913474
0,fos-sur-mer-france-med-refmar.csv,4.8929,43.405,3.0,114,0.7152810911685059,0.06690490073531233
0,freeport-usa-noaa.csv,-95.308,28.948,30.0,139,0.739646611485812,0.08637148378662425
0,fremantle-012-australia-johnhunter.csv,115.75,-32.053000000000004,27.0,75,0.8355398480156309,0.07031756532227598
0,french_frigate_b-014b-usa-uhslc.csv,-166.29,23.868,34.0,46,0.39162344855187536,0.050474781407281774
0,fridayharbor_ocean.labs._-usa-noaa.csv,-123.01,48.547,20.0,209,0.8128736739261393,0.07348563095773122
0,fuerteventura-fuerteventura-spain-pde.csv,-13.85,28.5,12.0,52,0.7243142094071408,0.02681429490314416
0,fukaura-japan-jma.csv,139.93,40.65,36.0,143,0.7333932419674569,0.06099636464935683
0,fukue-japan-jma.csv,128.85,32.7,36.0,133,0.5710448696811483,0.058017779096692465
0,"fulfordharbour,bc-07330-canada-meds.csv",-123.45,48.769,13.0,197,0.6402042737814451,0.09055849587812499
0,"funafuti,tuvalu-001-glossdm-bodc.csv",179.19,-8.525,24.0,70,0.32837209452706906,0.039310499324800734
0,funchal_b-218b-portugal-uhslc.csv,-16.907,32.64,28.0,47,0.7650921877118588,0.04638518340232374
0,furuogrund-004-sweden-smhi.csv,21.231,64.916,37.0,91,0.6614088582320627,0.1465587897488946
0,"galveston,pier_21-775a-usa-uhslc.csv",-94.79,29.287,34.0,147,0.745036240901419,0.09741084465536723
0,gan-109a-rep._of_maldives-uhslc.csv,73.152,-0.6867,24.0,64,0.3179456841897514,0.0337300319707082
0,gandia-gandia-spain-pde.csv,-0.152,38.995,8.0,137,0.7345336667436221,0.05295704678889401
0,gedser-837a-denmark-uhslc.csv,11.933,54.567,35.0,78,0.6469023355005128,0.14838440132991254
0,geelong-013-australia-johnhunter.csv,144.36,-38.147,27.0,94,0.8307995534531569,0.06695630189847936
0,genova-genova-italy-idromare.csv,8.9253,44.41,12.0,281,0.6804106441283522,0.07064464305555614
0,georgetown-015-australia-johnhunter.csv,146.85,-41.133,19.0,79,0.7003585950861156,0.08813850849658693
0,geraldton-014-australia-johnhunter.csv,114.61,-28.773000000000003,27.0,73,0.8412569881799472,0.06582573760708842
0,geting-326a-malaysia-uhslc.csv,102.11,6.2267,26.0,276,0.6419691091180456,0.08426889861988775
0,gibara-244a-cuba-uhslc.csv,-76.117,21.117,9.0,56,0.31238325742698386,0.05291688118098516
0,gibraltar-289a-united_kingdom-uhslc.csv,-5.35,36.117,18.0,138,0.6475185947220063,0.05407845756290587
0,gijon-gijon-spain-pde.csv,-5.698,43.558,19.0,94,0.8266623882401823,0.05650774533633414
0,gisborne_b-078b-new_zealand-uhslc.csv,178.03,-38.683,29.0,90,0.7780523941239731,0.061371611790762545
0,gladstone-p234-uk-bodc.csv,-3.018,53.45,23.0,75,0.7675975524111014,0.1541187337787804
0,gloucesterpoint-usa-noaa.csv,-76.5,37.247,8.0,106,0.7576010937854332,0.09867477264501123
0,gobo-japan-jma.csv,135.17,33.85,9.0,160,0.5522152929368561,0.07552284295669358
0,gomera-gomera-spain-pde.csv,-17,28,9.0,43,0.5949253170775839,0.0381445925896039
0,goteborgtorshamnen-005-sweden-smhi.csv,11.8,57.683,37.0,99,0.8243638433639002,0.10710792148996709
0,grandisle-usa-noaa.csv,-89.95700000000002,29.263,35.0,138,0.7524362894191254,0.06641215132313776
0,groote_eylandt-145a-australia-uhslc.csv,136.42,-13.86,20.0,95,0.6588074987706681,0.08607672861995044
0,guadalupe-036a-mexico-uhslc.csv,-118.3,28.883000000000006,4.0,58,0.31694711112623697,0.048183915264299555
0,guam-053a-usa_trust-uhslc.csv,144.65,13.433,35.0,64,0.31941420955238015,0.04055819547550221
0,guantanamo_bay_b-251b-cuba-uhslc.csv,-75.14699999999998,19.907,1.0,40,0.5448846481098197,0.035507707078449496
0,guaymas-397a-mexico-uhslc.csv,-110.9,27.933000000000003,8.0,184,0.23497142381559202,0.08005120912057101
0,hachinohe-japan-jma.csv,141.53,40.533,33.0,144,0.7392976143743378,0.04811708766686367
0,haikou-638a-china-uhslc.csv,110.28,20.017,20.0,79,0.6251558527837655,0.08053245122845436
0,hakodate-japan-jma.csv,140.73,41.783,36.0,142,0.7676799906637315,0.05180498909609314
0,"halifax,ns-00490-canada-meds.csv",-63.583,44.667,36.0,92,0.604491358611071,0.09873158262653511
0,hamada-japan-jma.csv,132.07,34.9,30.0,152,0.6955965851256602,0.060533752462913884
0,hamina-002-finland-fmi.csv,27.179,60.563,37.0,83,0.6580349462475242,0.159600644197355
0,hanasaki-japan-jma.csv,145.57,43.283,36.0,110,0.7629897062851098,0.055915753644551945
0,hanimaadhoo_b-117b-rep._of_maldives-uhslc.csv,73.167,6.7667,21.0,66,0.32191899786380407,0.04150960237342598
0,hanko-003-finland-fmi.csv,22.977,59.823,37.0,84,0.6087528081723305,0.12510830260217568
0,"harvest_oil_p.,ca-594a-usa-uhslc.csv",-120.67,34.468,11.0,130,0.6051801079737222,0.039098902150649026
0,harwich-p022-uk-bodc.csv,1.2845,51.947,10.0,72,0.6911480636102079,0.13976372288310376
0,heimsjoe-001-norway-statkart.csv,9.1014,63.425,37.0,115,0.7888741592910162,0.09033610855941318
0,helsinki-004-finland-fmi.csv,24.956,60.154,37.0,86,0.642297885104488,0.13707455454601222
0,heysham-p050-uk-bodc.csv,-2.9204,54.032,35.0,71,0.783194667778141,0.16044926780472052
0,hillarys-132a-australia-uhslc.csv,115.74,-31.825,22.0,74,0.8383615935489029,0.07095361786480693
0,"hilo,_hawaii-060a-usa-uhslc.csv",-155.07,19.733,35.0,63,0.39298377049993083,0.03857164673572781
0,hinkleypoint-p003-uk-bodc.csv,-3.1343,51.215,25.0,76,0.6973044967150722,0.15110585808208069
0,hiron_point-134a-bangladesh-uhslc.csv,89.46700000000001,21.783,26.0,161,0.6250829199474668,0.10728722653445018
0,hobart-016-australia-johnhunter.csv,147.33,-42.883,26.0,69,0.8287370988081563,0.06898974857214181
0,hoekvanholla-hvh-nl-rws.csv,4.12,51.977,37.0,73,0.7955755620275695,0.15391272298086894
0,hofu-japan-jma.csv,131.58,34.033,4.0,98,0.48502288148608674,0.07574695973345932
0,holyhead-p054-uk-bodc.csv,-4.6312,53.308,35.0,76,0.8055445593855491,0.10497092170850905
0,hong_kong_b-329b-china-uhslc.csv,114.2,22.3,35.0,95,0.7548016558007088,0.0812762436538443
0,"honiara,solomonislands-001-glossdm-bodc.csv",159.96,-9.425,23.0,68,0.2566039066262288,0.038576479588452166
0,honningsvaag-002-norway-statkart.csv,25.973000000000006,70.98,37.0,77,0.7469344207758215,0.08793549519052307
0,"honolulu_b,hawaii-057b-usa-uhslc.csv",-157.86,21.295,35.0,66,0.38337028400394063,0.032095447269414566
0,hornbaek-838a-denmark-uhslc.csv,12.467,56.1,33.0,82,0.8112982909301308,0.1211087137255668
0,"horta,azores-212a-portugal-uhslc.csv",-28.622,38.533,2.0,42,0.7644617470028319,0.04605128334482804
0,huelva-huelva-spain-pde.csv,-6.834,37.132,19.0,127,0.7836344557058184,0.0530505327193553
0,"humboldt_bay,_ca-576a-usa-uhslc.csv",-124.22,40.767,21.0,130,0.8033432826250351,0.0542365321212504
0,ibiza-ibiza-spain-pde.csv,1.4497,38.911,13.0,144,0.751278187515235,0.04860120675622966
0,ile_royale-850a-france-uhslc.csv,-52.585,5.285,5.0,97,0.31058544131340626,0.041755005791482086
0,ilfracombe-p061-uk-bodc.csv,-4.1109,51.21100000000001,32.0,75,0.7740608676853155,0.09820716873635822
0,"ilha_fiscal,rj-280a-brazil-uhslc.csv",-43.165,-22.897,35.0,149,0.668054342157168,0.10554446269542159
0,"ilulissat,greenland-001-glossdm-bodc.csv",-51.1,69.217,4.0,76,0.7293152573841384,0.07578707757194655
0,imbituba-718a-brazil-uhslc.csv,-48.4,-28.133000000000006,6.0,120,0.7766732104317781,0.11073776835324518
0,immingham-p026-uk-bodc.csv,-0.18603,53.631,36.0,74,0.6971313377451682,0.14069180027918243
0,imperia-imperia-italy-idromare.csv,8.0188,43.878,17.0,239,0.7621310284865902,0.047467867387934036
0,irouzaki-japan-jma.csv,138.85,34.617,18.0,182,0.6257094595628705,0.06873089451921086
0,"isabel_segunda,_pr-732a-usa-uhslc.csv",-65.443,18.152,4.0,50,0.42946099104711644,0.031160155273091638
0,ishigaki-japan-jma.csv,124.15,24.333,36.0,100,0.48805571374859424,0.0637434503730764
0,"isladapascua-e,chile-001-glossdm-bodc.csv",-109.45,-27.15,20.0,59,0.655193090684352,0.05517277474779766
0,"i_royal,anselegoff-851a-france-uhslc.csv",-52.587,5.2883,15.0,88,0.2673749923296924,0.044491540766639824
0,jackson-403a-new_zealand-uhslc.csv,168.62,-43.983,14.0,107,0.8492057200490045,0.06615374781729262
0,jakarta-161a-indonesia-uhslc.csv,106.85,-6.1167,21.0,149,0.3295298022089479,0.06864410973599616
0,johnston-052a-usa_trust-uhslc.csv,-169.53,16.738,35.0,44,0.24505635441316936,0.0649437522873891
0,johor_baharu-321a-malaysia-uhslc.csv,103.79,1.4617,29.0,295,0.5331402491976561,0.06882199526444388
0,jolo-373a-philippines-uhslc.csv,121,6.0667,12.0,108,0.2671646284240065,0.03166922425381502
0,juan_fernandez_b-021b-chile-uhslc.csv,-78.833,-33.622,30.0,47,0.6396070362788739,0.04332864559767756
0,juneau-usa-noaa.csv,-134.41,58.298,36.0,162,0.7834954787126887,0.0898313351585929
0,kagoshima-japan-jma.csv,130.57,31.583,36.0,147,0.5800800066916497,0.06688910524812061
0,kahului-059a-usa-uhslc.csv,-156.47,20.9,34.0,67,0.43448184903856735,0.03349845514287543
0,kalix-006-sweden-smhi.csv,23.096,65.697,37.0,90,0.6892137649128948,0.15965699535514558
0,kanmen_a-632a-china-uhslc.csv,121.28,28.088,20.0,132,0.7728106192176251,0.0897735809376931
0,"kanton-b,kiribati-001-glossdm-bodc.csv",-171.72,-2.81,21.0,56,0.24808422657850823,0.03473602424310117
0,kaohsiung-340a-republic_of_china-uhslc.csv,120.29,22.615,34.0,120,0.512405406521004,0.05425268587597935
0,kapingamarangi-029a-fd._st._micronesia-uhslc.csv,154.78,1.0983,31.0,97,0.5326890593980476,0.052185064696286296
0,karachi_b-147b-pakistan-uhslc.csv,66.967,24.8,29.0,117,0.16962280410395666,0.12749180278835265
0,kaskinen-005-finland-fmi.csv,21.215,62.344,37.0,90,0.6067436041931478,0.13184170346432894
0,"kaumalapau,_hi-548a-usa-uhslc.csv",-156.9,20.78,4.0,57,0.3202583313644955,0.02669568842344172
0,kavieng-068a-papua_new_guinea-uhslc.csv,150.79,-2.585,11.0,80,0.2242902255053382,0.03417300107339693
0,kawaihae-552a-usa-uhslc.csv,-155.83,20.033,17.0,61,0.2579209766672895,0.03893899112523822
0,kawasaki-japan-jma.csv,139.75,35.517,17.0,149,0.6560321379560602,0.06919342745907442
0,keelung-341a-republic_of_china-uhslc.csv,121.75,25.157,35.0,134,0.6465556291186785,0.056538038077482734
0,kelang-140a-malaysia-uhslc.csv,101.36,3.05,29.0,483,0.38756258027816715,0.07298892927601812
0,keling-141a-malaysia-uhslc.csv,102.15,2.215,28.0,444,0.3122841536584563,0.05514912542914448
0,kemi-006-finland-fmi.csv,24.515,65.673,37.0,85,0.6988090711169916,0.16883590889296277
0,keppel_harbour-327a-singapore-uhslc.csv,103.82,1.2633,9.0,221,0.42170271297426226,0.06136047977182317
0,kerguelen-001-glossdm-bodc.csv,70.167,-48.858,4.0,54,0.7401024685706861,0.07255100532374135
0,kerguelen-180a-france-uhslc.csv,70.22,-49.345,20.0,57,0.7475122088567079,0.07310003495444525
0,"ketchikan,ak-571a-usa-uhslc.csv",-131.63,55.333,35.0,139,0.787180707736568,0.09212600802731105
0,"key_west,fl-242a-usa-uhslc.csv",-81.808,24.553,35.0,108,0.47644512121844673,0.05183728315922007
0,khal_#10-135a-bangladesh-uhslc.csv,91.817,22.267,11.0,172,0.45065295946271017,0.16357119882458063
0,khepupara-139a-bangladesh-uhslc.csv,89.833,21.833,15.0,150,0.4901178358490245,0.16034107116219448
0,kingedwardpoint_uk_noc.csv,-36.497,-54.283,6.0,59,0.7975700586587382,0.06847426700908783
0,kinlochbervi-p918-uk-bodc.csv,-5.0504,58.457,23.0,75,0.8256525914192668,0.11086744258642578
0,kiptopekebeach-usa-noaa.csv,-75.988,37.165,20.0,133,0.796221764901741,0.08584092920614879
0,klagshamn-007-sweden-smhi.csv,12.894,55.522,37.0,82,0.5899372892876891,0.12590261809289544
0,knysna-186a-south_africa-uhslc.csv,23.033,-32.033,35.0,138,0.8426504897656726,0.07203862019113275
0,kobe-japan-jma.csv,135.18,34.683,36.0,168,0.6259859211175597,0.07570608985428243
0,kochi-japan-jma.csv,133.57,33.5,36.0,157,0.5589102752417767,0.07557161067312607
0,"kodiak_isl.,alaska-039a-usa-uhslc.csv",-152.51,57.732,32.0,107,0.7803909437683542,0.08090914084287765
0,komatsushima-japan-jma.csv,134.58,34.017,36.0,158,0.6017076243525029,0.07168328782922664
0,kota_kinabalu-386a-malaysia-uhslc.csv,116.07,5.9833,25.0,293,0.5003216141055498,0.049301685502479375
0,ko_lak-328a-thailand-uhslc.csv,99.817,11.795,29.0,146,0.5523193212535531,0.09915746809635388
0,ko_taphao_noi-148a-thailand-uhslc.csv,98.425,7.8317,28.0,188,0.24134546072172097,0.06814413529109145
0,kuantan-322a-malaysia-uhslc.csv,103.43,3.975,29.0,319,0.6106622255261185,0.06481624953442648
0,kuchinotsu-japan-jma.csv,130.2,32.6,34.0,147,0.583780560011622,0.06329792189056695
0,kukup-325a-malaysia-uhslc.csv,103.44,1.325,27.0,376,0.3444218021149069,0.0655834669119057
0,kumano-japan-jma.csv,136.17,33.933,9.0,165,0.6244765174849448,0.06402327452225862
0,kungsholmsfort-008-sweden-smhi.csv,15.589,56.105,37.0,82,0.5966762711645365,0.12107404013321506
0,kungsvik-009-sweden-smhi.csv,11.127,58.997,37.0,117,0.8137043203452764,0.1174247848195407
0,kushimoto-japan-jma.csv,135.78,33.467,36.0,165,0.6060671471245019,0.07201924483336967
0,kushiro-japan-jma.csv,144.38,42.967,36.0,120,0.7602469195652648,0.05348659982064896
0,kwajalein-055a-rep._of_marshall_i-uhslc.csv,167.73,8.7333,34.0,66,0.2570281391128478,0.03415449944569567
0,l._cornwallis_i.-705a-canada-uhslc.csv,-96.95,75.383,8.0,55,0.7359628077033129,0.06445544508424092
0,lae-067a-papua_new_guinea-uhslc.csv,146.98,-6.7333,13.0,245,0.3278614271462822,0.033993255433752645
0,"lagos,_algarve-723a-portugal-uhslc.csv",-8.6683,37.098,15.0,87,0.6626726862478721,0.0659797310992011
0,lagos_c-233c-nigeria-uhslc.csv,3.45,6.4167,3.0,155,0.06920007990133,0.0639926263499081
0,lajolla_scrippspier_-usa-noaa.csv,-117.26,32.867,37.0,142,0.5545291033359467,0.04135187654560246
0,"lameshur_bay,_vi-214a-usa-uhslc.csv",-64.723,18.317,7.0,62,0.3450793630721959,0.02847564806844361
0,lampedusa-lampedusa-italy-idromare.csv,12.604,35.5,11.0,115,0.5994674485915233,0.07172721829284676
0,lamu_b-149b-kenya-uhslc.csv,40.903,-2.2717,17.0,57,0.337473935225011,0.038858764745867705
0,landsortnorra-010-sweden-smhi.csv,17.865,58.742,37.0,90,0.5263091881534905,0.11228397819686409
0,langkawi-142a-malaysia-uhslc.csv,99.765,6.4317,27.0,363,0.346666834154351,0.06193778757835431
0,laohutan_a-631a-china-uhslc.csv,121.68,38.867,8.0,122,0.7194696537877154,0.10223401522938684
0,las_palmas-laspalmas-spain-pde.csv,-15.412,28.141,23.0,52,0.75198617014682,0.027344000513561756
0,lautoka-402a-fiji-uhslc.csv,177.43,-17.6,21.0,70,0.531574565988945,0.027833272736021403
0,la_coruna-830a-spain-uhslc.csv,-8.4,43.367,35.0,83,0.7610597818305906,0.07130215495902355
0,la_figueirette-france-med-refmar.csv,6.9349,43.483,3.0,142,0.6661905208126397,0.05725163909352744
0,la_guaira-247a-venezuela-uhslc.csv,-66.933,10.617,11.0,116,0.3273869964719044,0.045405646761711056
0,"la_jolla,ca-554a-usa-uhslc.csv",-117.26,32.867,35.0,140,0.5530670424654325,0.04143596611723381
0,la_libertad-091a-ecuador-uhslc.csv,-80.917,-2.2,35.0,296,0.17731110983948745,0.06483603557361564
0,la_palma-lapalma-spain-pde.csv,-17.768,28.678,8.0,41,0.6678846765370557,0.04186632242910344
0,la_rochelle_la_palli-france-refmar.csv,-1.2206,46.158,18.0,105,0.786679026838743,0.08684167298083745
0,la_union_b-086b-el_salvador-uhslc.csv,-87.81700000000002,13.333,33.0,203,0.2088970748287303,0.06503628283466546
0,legaspi-371a-philippines-uhslc.csv,123.75,13.15,29.0,73,0.34191791134119837,0.05149794047088979
0,leith-p034-uk-bodc.csv,-3.1817,55.99,27.0,75,0.7745194961778761,0.09857047801352078
0,lembar-419a-indonesia-uhslc.csv,116.07,-8.7317,4.0,58,0.3287283382165742,0.039831744097022774
0,lerwick-p041-uk-bodc.csv,-1.1333,60.15,37.0,70,0.8243864918895287,0.07511292773126894
0,les_sables_d_olonne-france-refmar.csv,-1.7935,46.497,23.0,98,0.7829562976720389,0.08710801730016612
0,"lewes,de-747a-usa-uhslc.csv",-75.12,38.782,35.0,128,0.8005143348203294,0.10119787622332646
0,le_conquet-france-refmar.csv,-4.7807,48.359,36.0,76,0.8081322021549198,0.07567747708256074
0,le_crouesty-france-refmar.csv,-2.8952,47.543,12.0,80,0.7934613215579938,0.0874937088052527
0,le_havre-france-refmar.csv,0.106,49.482,36.0,86,0.7548941401492459,0.11290100318851055
0,le_pellerin-france-refmar.csv,-1.7651,47.205,29.0,95,0.4690437785219072,0.2797210944382936
0,le_robert-270a-france-uhslc.csv,-60.933,14.683,4.0,55,0.3112815997357886,0.03346444233258694
0,lianyungang-639a-china-uhslc.csv,119.42,34.75,20.0,126,0.6558898665234187,0.13608320410762328
0,limetree_bay-254a-usa-uhslc.csv,-64.753,17.697,30.0,71,0.3024232351859601,0.030992351888329155
0,limon_b-268b-costa_rica-uhslc.csv,-83.03299999999999,10,33.0,129,0.3269421047463823,0.037247762067220476
0,livorno-livorno-italy-idromare.csv,10.299,43.54600000000001,22.0,265,0.6943233089402971,0.0667302372159856
0,llandudno-p007-uk-bodc.csv,-3.8252,53.332,21.0,76,0.6694648359059243,0.19477417042521525
0,lobos_de_afuera-084a-peru-uhslc.csv,-80.717,-6.9333,28.0,213,0.18975005122779426,0.05791536859095221
0,lombrum-400a-papua_new_guinea-uhslc.csv,147.37,-2.0333,17.0,110,0.22536241293535508,0.03504402880060599
0,lord_howe_b-399b-australia-uhslc.csv,159.07,-31.517,21.0,71,0.5569916617893348,0.11589215979669287
0,loreto-319a-mexico-uhslc.csv,-111.37,26.017,7.0,124,0.37275065915987715,0.038763683900868734
0,"los_angeles,ca-567a-usa-uhslc.csv",-118.27,33.72,34.0,151,0.6043359127246956,0.03910402635151865
0,"lowerescuminac,nb-02000-canada-meds.csv",-64.883,47.083,37.0,102,0.6111381363093165,0.1261768532000623
0,lowestoft-p024-uk-bodc.csv,1.7508,52.473,37.0,72,0.7316476153949388,0.1494916068942721
0,lubang-655a-philippines-uhslc.csv,120.21,13.82,1.0,48,0.4453908229224135,0.03256642868054887
0,luderitz-702a-south_africa-uhslc.csv,15.15,-26.65,34.0,108,0.6548991687569574,0.046722441521794326
0,luis_correia-711a-brazil-uhslc.csv,-41.672,-2.8667,1.0,63,0.5016985868289275,0.08460080723231146
0,lumut-143a-malaysia-uhslc.csv,100.62,4.2333,28.0,492,0.3383345522228537,0.06045839179361677
0,lusi_a-633a-china-uhslc.csv,121.62,32.133,18.0,104,0.7168025721169283,0.14035267937268286
0,lyttelton-667a-new_zealand-uhslc.csv,172.72,-43.6,19.0,122,0.8109812634272412,0.06689339557205815
0,maaloey-003-norway-statkart.csv,5.1133,61.934,36.0,105,0.7968843523294444,0.08815514234037049
0,macae-719a-brazil-uhslc.csv,-41.467,-22.233,5.0,113,0.659976816151491,0.0919010251701881
0,macau-338a-macau-uhslc.csv,113.55,22.167,4.0,66,0.7058331167779786,0.10163498929896855
0,mackay-018-australia-johnhunter.csv,149.19,-21.143,26.0,77,0.6083911236631656,0.0937385144323056
0,macquarie_is._c-680c-australia-uhslc.csv,158.97,-54.483,13.0,52,0.7726953420395379,0.08435830422257196
0,madang-066a-papua_new_guinea-uhslc.csv,145.8,-5.2,15.0,245,0.4026063571329834,0.031154401044620826
0,madeira-715a-brazil-uhslc.csv,-44.378,-2.565,13.0,169,0.12802749670246089,0.0984492559997181
0,"madero,tampico-277a-mexico-uhslc.csv",-97.795,22.262,4.0,124,0.3398523695474181,0.09776608035743872
0,"magueyes_island,pr-246a-usa-uhslc.csv",-67.047,17.972,34.0,80,0.37218814984465143,0.027940120328334518
0,mahon-mahon-spain-pde.csv,4.2706,39.893,5.0,108,0.7498372261726063,0.05136235288366179
0,maisaka-japan-jma.csv,137.62,34.683,36.0,184,0.6890963831232172,0.07527178510610037
0,maizuru-japan-jma.csv,135.38,35.467,36.0,168,0.7239256637558951,0.057638015864663036
0,"majuro,marshallislands-001-glossdm-bodc.csv",171.37,7.1067,24.0,65,0.18524006124808054,0.044223818797528784
0,makurazaki-japan-jma.csv,130.3,31.267,36.0,141,0.618431060882257,0.06335510478594569
0,malaga-mala-spain-ieo.csv,-4.4167,36.717,35.0,189,0.7052175935492127,0.05104913461524485
0,malakal_b-007b-republic_of_belau-uhslc.csv,134.46,7.33,34.0,75,0.2643308734521931,0.04720016266191469
0,"male_b,hulule-108b-rep._of_maldives-uhslc.csv",73.517,4.1833,22.0,68,0.34881790303212973,0.03436876304751737
0,malin_head-834a-ireland-uhslc.csv,-7.3333,55.367,24.0,70,0.6885279071228492,0.144730534047053
0,"maniitsoq,greenland-001-glossdm-bodc.csv",-52.905,65.413,1.0,68,0.701564258779021,0.07453770121413576
0,manila_b-370b-philippines-uhslc.csv,120.97,14.583,30.0,112,0.4715835256116069,0.058134287677181706
0,manta_b-089b-ecuador-uhslc.csv,-80.733,-0.95,34.0,252,0.17448167966791048,0.07823395474334174
0,mantyluoto-007-finland-fmi.csv,21.463,61.594,37.0,89,0.5911728698723884,0.12883213316560002
0,manus-065a-papua_new_guinea-uhslc.csv,147.27,-2.0133,11.0,81,0.25046315160418453,0.03636236315611702
0,"manzanillo-b,mexico-001-glossdm-bodc.csv",-104.33,19.053,17.0,155,0.32839394408913136,0.0652238823952286
0,maputo_b-190b-mozambique-uhslc.csv,32.57,-25.975,3.0,115,0.24458374672935498,0.094749196273367
0,marsden_point-398a-new_zealand-uhslc.csv,174.5,-35.833,29.0,87,0.7853619879544843,0.04846164449955144
0,marseille-france-med-refmar.csv,5.35,43.3,31.0,171,0.7785403760191187,0.06386785747095115
0,marviken-012-sweden-smhi.csv,16.837,58.554,37.0,94,0.5336261091928615,0.11118408337769706
0,mar_del_plata_b-729b-argentina-uhslc.csv,-57.55,-38.05,7.0,86,0.7490177839808665,0.18561037693155616
0,masirah-113a-oman-uhslc.csv,58.872,20.687,16.0,66,0.5141112996561636,0.03790159361533034
0,matarani_b-094b-peru-uhslc.csv,-72.117,-17,22.0,197,0.1623057262943373,0.06435366676318485
0,matsuyama-japan-jma.csv,132.72,33.867,36.0,155,0.5903992177059191,0.06882065820662549
0,mawson-177a-australia-uhslc.csv,62.883,-67.6,17.0,44,0.7731084994637978,0.06137213717019936
0,"mayaguez,_pr-736a-usa-uhslc.csv",-67.16,18.22,5.0,69,0.3491758345467362,0.031700863280821445
0,"mayport,fl-753a-usa-uhslc.csv",-81.432,30.395,22.0,130,0.7484017440294082,0.08589836636065126
0,melilla-melilla-spain-pde.csv,-2.918,35.291,8.0,150,0.7052444428803721,0.05019781499667669
0,meneng-158a-indonesia-uhslc.csv,114.38,-8.1167,2.0,77,0.5484463273513386,0.06900007576758223
0,mera-japan-jma.csv,139.83,34.917,36.0,177,0.6637094350614532,0.06631632592080092
0,messina-messina-italy-idromare.csv,15.563,38.196,32.0,125,0.26065201298750423,0.07264874813778463
0,"miami,hauloverpier-001-glossdm-bodc.csv",-80.117,25.9,11.0,79,0.4139094106245594,0.07238877503152158
0,miamibeach-usa-noaa.csv,-80.132,25.768,1.0,53,0.4104806397509436,0.07763022859080436
0,midway-050a-usa_trust-uhslc.csv,-177.37,28.217,33.0,58,0.6509686149337368,0.06182050982974929
0,milfordhaven-p056-uk-bodc.csv,-5.0143,51.702,37.0,76,0.7890485580401847,0.09910968753770723
0,millport-p049-uk-bodc.csv,-4.9058,55.75,35.0,76,0.8077434436729396,0.1306161268445088
0,minamidaito-japan-jma.csv,131.23,25.867,7.0,84,0.29191996645988216,0.09696116048142839
0,minamitorishima-japan-jma.csv,153.98,24.3,18.0,59,0.6317929870772006,0.1678551968741963
0,mina_sulman-182a-bahrain-uhslc.csv,50.6,26.233,29.0,143,0.617914378695146,0.07399205140218121
0,miri-388a-malaysia-uhslc.csv,113.97,4.3917,18.0,332,0.4371368714221937,0.049388479052360365
0,misumi-japan-jma.csv,130.45,32.617,35.0,146,0.6014209062139635,0.06713876182429013
0,miyakejima-357a-japan-uhslc.csv,139.48,34.067,34.0,170,0.3252387995187814,0.1476460794896827
0,miyako-japan-jma.csv,141.98,39.65,33.0,150,0.7531572753662724,0.047047819687435835
0,mokuoloe-061a-usa-uhslc.csv,-157.8,21.433000000000003,33.0,66,0.41699361505862687,0.0347858060447908
0,mombasa-101a-kenya-uhslc.csv,39.657,-4.07,24.0,95,0.3153608705348364,0.03982122652158399
0,monaco_port_hercule-france-med-refmar.csv,7.4215,43.729,35.0,230,0.7535326514188292,0.047883703752300825
0,"mona_is.,_pr-267a-usa-uhslc.csv",-67.938,18.09,6.0,74,0.2340546378681047,0.056050610799105394
0,"montauk,ny-279a-usa-uhslc.csv",-71.96,41.048,35.0,103,0.776870899400748,0.08891118012440194
0,"monterey,ca-555a-usa-uhslc.csv",-121.89,36.605,35.0,154,0.7377638210726725,0.04262086456707723
0,montoir-de-bretagne-france-refmar.csv,-2.1084,47.306,3.0,75,0.7059772160489287,0.12419114889185165
0,morayfirth-p207-uk-bodc.csv,-4.0022,57.599,10.0,70,0.8202554335546811,0.0844649902864732
0,mossel_bay-185a-south_africa-uhslc.csv,22.133000000000006,-34.183,34.0,116,0.8020574376755848,0.08138545194838
0,motril-motril-spain-pde.csv,-3.524,36.72,11.0,177,0.7036074198076964,0.04708379891143539
0,moulmein-906a-myanmar-uhslc.csv,97.622,16.465,3.0,196,0.32137288699230493,0.1735677596708297
0,mumbles-p932-uk-bodc.csv,-3.9754,51.57,24.0,76,0.7773139067909542,0.10957246498007076
0,murotomisaki-japan-jma.csv,134.17,33.267,36.0,158,0.579734058645631,0.07275162660906834
0,muscat_b-110b-oman-uhslc.csv,58.565,23.628,24.0,130,0.3013998791720402,0.048965278981311124
0,nagasaki-japan-jma.csv,129.87,32.733000000000004,36.0,147,0.5936332326641928,0.05908967712753227
0,nagoya-japan-jma.csv,136.88,35.083,36.0,181,0.6770619611546641,0.0768425618764227
0,naha-japan-jma.csv,127.67,26.217,36.0,97,0.561159634492449,0.05223314331036346
0,"nain,nf-01430-canada-meds.csv",-61.683,56.55,14.0,89,0.6907929207230301,0.09127046573555887
0,nakano_shima-345a-japan-uhslc.csv,129.84,29.842,27.0,123,0.3902307999838329,0.08532901037778781
0,nantes_usine_brulee-france-refmar.csv,-1.5742,47.20399999999999,28.0,95,0.4070532407492681,0.3401971645833999
0,nantucketisland-usa-noaa.csv,-70.097,41.285,37.0,103,0.7970642182577704,0.07666646796625069
0,naos_b-300b-panama-uhslc.csv,-79.533,8.9167,7.0,139,0.2157364598158047,0.06647218733878592
0,napier-668a-new_zealand-uhslc.csv,176.92,-39.483,25.0,105,0.8112949309567551,0.05506203889116738
0,naples-usa-noaa.csv,-81.807,26.13,20.0,124,0.677457081592535,0.06947691199085812
0,napoli-napoli-italy-idromare.csv,14.269,40.841,24.0,181,0.7239158141213711,0.0499334144526141
0,natal_c-202c-brazil-uhslc.csv,-35.195,-5.7517,1.0,36,0.11384136232228437,0.027717292368549428
0,nauru-001-glossdm-bodc.csv,166.91,-0.5283,24.0,77,0.5389103313188691,0.06046919552599259
0,nawiliwili-058a-usa-uhslc.csv,-159.36,21.955,35.0,59,0.38466083417162944,0.0386973654952001
0,naze-359a-japan-uhslc.csv,129.5,28.383000000000006,33.0,107,0.545370051391279,0.05143925463465994
0,"neah_bay,wa-558a-usa-uhslc.csv",-124.62,48.368,35.0,188,0.8160496140275789,0.07737468480795896
0,nelson-077a-new_zealand-uhslc.csv,173.27,-41.267,26.0,123,0.7867129194269031,0.062348287029276625
0,newcastle-019-australia-johnhunter.csv,151.78,-32.926,27.0,128,0.6649922150181358,0.0629751766008051
0,newhaven-p011-uk-bodc.csv,0.05703,50.782,33.0,81,0.7538206075873588,0.09352276976747351
0,newlondon-usa-noaa.csv,-72.09,41.361,37.0,110,0.7615910302918999,0.09264455444315814
0,newlyn-p001-uk-bodc.csv,-5.5417,50.102,37.0,74,0.804839370836319,0.07582619564688134
0,"newport,ri-253a-usa-uhslc.csv",-71.327,41.505,35.0,105,0.7478981108112274,0.08513568931008875
0,newport-p057-uk-bodc.csv,-2.9874,51.55,20.0,71,0.5756239262099345,0.19855479483072522
0,newport-usa-noaa.csv,-71.327,41.505,37.0,107,0.7464012443952854,0.08499835064760594
0,"newwestminster,bc-07654-canada-meds.csv",-122.91,49.2,36.0,234,0.5352507381327177,0.1567018943811897
0,newyork_thebattery_-usa-noaa.csv,-74.014,40.701,37.0,116,0.7662053322037188,0.10924036084680329
0,"new_london,ct-744a-usa-uhslc.csv",-72.087,41.355,34.0,108,0.7600774070559206,0.09312159901503056
0,"new_york,ny-745a-usa-uhslc.csv",-74.015,40.7,35.0,114,0.7563569682517214,0.11089524453176718
0,nice-france-med-refmar.csv,7.2853,43.69600000000001,34.0,225,0.7463238739453025,0.0499848881201944
0,nishinoomote-363a-japan-uhslc.csv,131,30.732,33.0,135,0.5036727624524151,0.06778569467536898
0,"nome,ak-595a-usa-uhslc.csv",-165.43,64.5,21.0,62,0.8222125102473333,0.18900757637389531
0,norfolk_island_b-062b-australia-uhslc.csv,167.95,-29.067,15.0,60,0.6232201540147695,0.055865749778953776
0,northshields-p032-uk-bodc.csv,-1.4398,55.007,35.0,76,0.7648673943441429,0.10636993847133291
0,"northsydney,ns-00612-canada-meds.csv",-60.25,46.217,36.0,90,0.6517193121836984,0.0925963916963634
0,nosy_be-150a-madagascar-uhslc.csv,48.3,-13.4,13.0,73,0.25623020981225353,0.07655324590101982
0,noto-japan-jma.csv,137.15,37.5,18.0,159,0.7859246617481657,0.07611838193214329
0,nouakchott-806a-mauritania-uhslc.csv,-16.037,17.99,6.0,70,0.4654332211553728,0.04450766554238629
0,noumea_b-019b-france-uhslc.csv,166.44,-22.292,35.0,71,0.6972548581701933,0.03810705397083071
0,nuku_alofa-038a-tonga-uhslc.csv,-175.2,-21.133000000000006,23.0,68,0.48471423974542666,0.03727849543527252
0,nuku_hiva-031a-french_polynesia-uhslc.csv,-140.08,-8.93,27.0,55,0.19516621807549306,0.03173762415425802
0,"ny-alesund,norway-001-glossdm-bodc.csv",11.95,78.933,26.0,65,0.7577783258759403,0.06633284676896714
0,odawara-japan-jma.csv,139.15,35.23300000000001,3.0,132,0.4768351528206124,0.08048695003703929
0,ofunato-japan-jma.csv,141.72,39.067,36.0,155,0.7550299459339622,0.04657155702689203
0,okada-japan-jma.csv,139.38,34.783,36.0,181,0.6631104911913506,0.0585480113958279
0,olandsnorraudde-013-sweden-smhi.csv,17.097,57.36600000000001,37.0,84,0.5909390312118796,0.11593317783867856
0,omaezaki-japan-jma.csv,138.22,34.617,36.0,183,0.6637414267905686,0.06598505318074832
0,onahama-japan-jma.csv,140.9,36.933,36.0,180,0.7710825078079149,0.04714955426767409
0,ortona-ortona-italy-idromare.csv,14.415,42.356,19.0,206,0.7147405269490377,0.0746651290311215
0,osaka-japan-jma.csv,135.43,34.65,36.0,168,0.6264318549446484,0.0782420691035793
0,oskarshamn-014-sweden-smhi.csv,16.477999999999998,57.275,37.0,87,0.5738063707013263,0.11475235536097232
0,oslo-004-norway-statkart.csv,10.734000000000002,59.909,37.0,123,0.8054149684633927,0.1282982870024778
0,otaru-japan-jma.csv,141,43.2,18.0,123,0.759767879430193,0.06009973054081611
0,otranto-otranto-italy-idromare.csv,18.497,40.147,23.0,182,0.6211477044496594,0.0710491964977132
0,oulu-008-finland-fmi.csv,25.418000000000006,65.04,37.0,83,0.6983098820952099,0.16357353838109828
0,oura-japan-jma.csv,130.22,32.983000000000004,36.0,147,0.5599558131512437,0.07574868706474294
0,owase-japan-jma.csv,136.22,34.067,36.0,172,0.6673940593409629,0.06590061073969668
0,padang_b-107b-indonesia-uhslc.csv,100.37,-1,27.0,362,0.22805047150692215,0.09007982129888992
0,"pago_bay,_guam-037a-usa-uhslc.csv",144.8,13.428,7.0,50,0.5815060792922147,0.04089167773700174
0,pago_pago-056a-usa_trust-uhslc.csv,-170.68,-14.283,35.0,62,0.3193518786744957,0.031099231929493466
0,paimboeuf-france-refmar.csv,-2.0004,47.287,3.0,77,0.6603277308444888,0.13701749127444487
0,paita_b-678b-peru-uhslc.csv,-81.167,-5.0833,33.0,219,0.13908228938931055,0.07066773289556433
0,palermo-palermo-italy-idromare.csv,13.371,38.121,12.0,118,0.7338423667827237,0.049509086940655436
0,palinuro-palinuro-italy-idromare.csv,15.275,40.032,22.0,175,0.6863224817098308,0.052944163093110744
0,palma_de_mallorca-palmademallorca-spain-pde.csv,2.6375,39.56,5.0,105,0.7497926073101249,0.049202348439742395
0,palmeira-235a-portugal-uhslc.csv,-22.983,16.755,10.0,37,0.4331968959661426,0.02447624075647688
0,panama_city_beach-761a-usa-uhslc.csv,-85.88,30.213,16.0,126,0.7800408464606992,0.0828191626919465
0,papeete_b-015b-french_polynesia-uhslc.csv,-149.57,-17.532,34.0,64,0.43256349445714887,0.029866068776551978
0,pari-159a-indonesia-uhslc.csv,106.62,-5.85,2.0,119,0.37765323036845877,0.08239318568727765
0,"patriciabay,bc-07277-canada-meds.csv",-123.45,48.654,37.0,214,0.6834443404993775,0.08986697045271631
0,pemba_c-192c-mozambique-uhslc.csv,40.5,-12.967,1.0,51,0.5516644412296392,0.07464574384963889
0,penang-144a-malaysia-uhslc.csv,100.35,5.4217,28.0,425,0.34217549434695316,0.06486624768446615
0,penrhyn-024a-cook_islands-uhslc.csv,-158.05,-8.9767,34.0,54,0.3170224444819493,0.04101725250548049
0,"pensacola,fl-762a-usa-uhslc.csv",-87.213,30.403,35.0,135,0.8021803428784743,0.06799091263566212
0,"penuelas,_pr-243a-usa-uhslc.csv",-66.762,17.972,4.0,65,0.3190738770142464,0.033590648514756224
0,peter___paul_rocks-201a-brazil-uhslc.csv,-29.343000000000004,0.92,3.0,39,0.24677706244012035,0.026956187660648563
0,philadelphia_pier9n_-usa-noaa.csv,-75.142,39.933,26.0,125,0.7021515260572635,0.13134256027698907
0,pietarsaari-009-finland-fmi.csv,22.69,63.709,37.0,89,0.6609888376302688,0.1380512683779035
0,pisco_b-683b-peru-uhslc.csv,-76.133,-13.417,26.0,224,0.14583622278822464,0.06875174640447157
0,pohnpei_c-001c-fd._st._micronesia-uhslc.csv,158.23,6.9833,34.0,85,0.19891895620166464,0.05246458415184435
0,"pointatkinson,bc-07795-canada-meds.csv",-123.25,49.337,37.0,232,0.6867129079700318,0.09652246812314594
0,pointe_a_pitre-272a-france-uhslc.csv,-61.533,16.233,23.0,62,0.23456458286372878,0.035079001034398635
0,pointe_noire_b-234b-congo-uhslc.csv,11.85,-4.8,34.0,281,0.26276148016795664,0.04698861718773418
0,"pointlarue,seychelles-001-glossdm-bodc.csv",55.528,-4.6717,6.0,42,0.15565894994566654,0.04810419583998346
0,point_fortin-728a-trinidad_and_tobago-uhslc.csv,-61.417,10.1,11.0,93,0.2463326241399886,0.05098084683557392
0,ponta_delgada-211a-portugal-uhslc.csv,-25.672,37.735,34.0,54,0.7954347041538314,0.039991840218482635
0,"port-aux-basques,nf-00665-canada-meds.csv",-59.133,47.567,35.0,93,0.6166802846190313,0.09794943123301779
0,port-bloc-france-refmar.csv,-1.0616,45.569,12.0,113,0.8007750225503971,0.07867839572566734
0,port-camargue-france-med-refmar.csv,4.1264,43.52,2.0,96,0.7850339777739859,0.08145592887270736
0,port-tudy-france-refmar.csv,-3.4459,47.644,36.0,83,0.7897587784996325,0.07814236563983194
0,port-vendres-france-med-refmar.csv,3.1075,42.52,33.0,136,0.7723599386106216,0.058302499252776196
0,portadelaideouter-020-australia-johnhunter.csv,138.6,-34.926,27.0,72,0.8445632216520924,0.12103054691666978
0,portbury-p341-uk-bodc.csv,-2.7285,51.5,6.0,67,0.5013120829447308,0.20205455105358683
0,"portelizabeth,southafrica-001-glossdm-bodc.csv",25.63,-33.96,23.0,108,0.7747858989448362,0.07492242277537367
0,portellen-p202-uk-bodc.csv,-6.1901,55.627,20.0,75,0.8195141029226296,0.11446838270109114
0,porterin-p919-uk-bodc.csv,-4.7681,54.085,23.0,79,0.8076482420015287,0.10763033732597871
0,"porthardy,bc-08408-canada-meds.csv",-127.49,50.722,37.0,169,0.6770210126318941,0.0879968550089522
0,porthedland-022-australia-johnhunter.csv,118.58,-20.314,27.0,106,0.6185466390489149,0.06308154474965089
0,portisabel-usa-noaa.csv,-97.215,26.06,37.0,139,0.6843333000666165,0.07052755767707321
0,"portland,me-252a-usa-uhslc.csv",-70.247,43.657,35.0,105,0.751989647544388,0.08131598140534908
0,"portland,s.aus.-129a-australia-uhslc.csv",141.6,-38.333,23.0,74,0.8259876068574824,0.06346155848036646
0,portland_maine_-usa-noaa.csv,-70.247,43.657,37.0,106,0.7509210998975759,0.08120238074066252
0,portlincoln-023-australia-johnhunter.csv,135.86,-34.72,27.0,65,0.8523068026620816,0.08611623270690931
0,portlonsdale-017-australia-johnhunter.csv,138.5,-35.099000000000004,27.0,71,0.8238265357092838,0.0751863505958167
0,"portlouis-c,mauritius-001-glossdm-bodc.csv",57.49,-20.153,13.0,43,0.25606160967855746,0.05335391324770511
0,portmansfield-usa-noaa.csv,-97.422,26.555,20.0,87,0.5613787412302893,0.07616504852695852
0,"portogrande,capeverde-001-glossdm-bodc.csv",-24.983,16.867,1.0,30,0.4637298034566367,0.021802116282014634
0,porto_empedocle-porto+empedocle-italy-idromare.csv,13.527,37.286,12.0,108,0.6950295075012326,0.06267752405013383
0,porto_grande-216a-portugal-uhslc.csv,-24.983,16.867,1.0,30,0.5406436523209508,0.022701568388911627
0,porto_torres-porto+torres-italy-idromare.csv,8.4039,40.842,24.0,126,0.7512334974017143,0.047904983692194036
0,portpatrick-p063-uk-bodc.csv,-5.12,54.843,37.0,77,0.806112528372705,0.11752896944921017
0,portpirie-024-australia-johnhunter.csv,138.01,-33.177,27.0,77,0.834147782702134,0.1435502929891032
0,portrush-p935-uk-bodc.csv,-6.6568,55.207,19.0,77,0.8141379251676881,0.10431913085366266
0,portsanluis-usa-noaa.csv,-120.76,35.177,37.0,144,0.6684504444996907,0.045089923864581605
0,portsmouth-p008-uk-bodc.csv,-1.1118,50.803,24.0,83,0.7379678007041195,0.09378927257269898
0,"portvictoria-b,seychelles-001-glossdm-bodc.csv",55.458,-4.6217,15.0,37,0.20416645621239085,0.03953953395023795
0,"portvila-b,vanuatu-001-glossdm-bodc.csv",168.32,-17.733,24.0,56,0.3966162785304567,0.038902414259314906
0,port_allen-553a-usa-uhslc.csv,-159.6,21.9,8.0,49,0.2892645776344295,0.04498534993964425
0,"port_angeles,_wa-584a-usa-uhslc.csv",-123.44,48.125,34.0,207,0.7948660407045929,0.07805563662025036
0,"port_canaveral,_fl-774a-usa-uhslc.csv",-80.593,28.415,19.0,138,0.6461838478188924,0.0774683334613173
0,port_chalmers-669a-new_zealand-uhslc.csv,170.65,-45.817,14.0,108,0.8497187632732487,0.05719358511746726
0,port_elizabeth-184a-south_africa-uhslc.csv,25.63,-33.96,33.0,115,0.7944806810519583,0.0709189185501269
0,port_ferreol-france-med-refmar.csv,6.7176,43.359,3.0,130,0.6657351910770765,0.05909148390110941
0,port_hedland-169a-australia-uhslc.csv,118.58,-20.318,29.0,109,0.6286242380883841,0.06114241638821592
0,"port_isabel,tx-772a-usa-uhslc.csv",-97.215,26.06,35.0,138,0.6845495808016915,0.06947265231984608
0,port_kembla-342a-australia-uhslc.csv,150.91,-34.473,22.0,122,0.7192600990796819,0.05400165810260121
0,port_louis_c-103c-mauritius-uhslc.csv,57.49,-20.153,26.0,47,0.2777513775875674,0.0510879705400946
0,port_moresby-064a-papua_new_guinea-uhslc.csv,147.14,-9.4783,10.0,146,0.2984077148936194,0.04765371305970242
0,port_nolloth-701a-south_africa-uhslc.csv,16.867,-29.25,35.0,100,0.6436543770867668,0.06476587710216757
0,port_of_spain-248a-trinidad_and_tobago-uhslc.csv,-61.517,10.65,9.0,85,0.2050790016383904,0.04244835738852487
0,"port_orford,_or-557a-usa-uhslc.csv",-124.5,42.74,18.0,109,0.8018917162464498,0.07332389486466348
0,"port_san_luis,_ca-565a-usa-uhslc.csv",-120.76,35.177,35.0,141,0.6601615174801825,0.04640580356092809
0,port_sonara-816a-cameroon-uhslc.csv,9.1267,-4.0067,2.0,138,0.43008475283337266,0.04224834162439307
0,port_stanley_b-290b-united_kingdom-uhslc.csv,-57.933,-51.75,16.0,53,0.82687445540867,0.06108466755179317
0,port_stanvac-100a-australia-uhslc.csv,138.47,-35.108000000000004,18.0,71,0.8534342944708733,0.10775489034580069
0,port_victoria_b-111b-seychelles-uhslc.csv,55.458,-4.6217,15.0,37,0.20504300927164382,0.03960761873790001
0,port_vila_b-046b-vanuatu-uhslc.csv,168.32,-17.733,35.0,66,0.4180737786024477,0.03673241967354142
0,"praia_c,cape_verde-222c-portugal-uhslc.csv",-23.5,14.917,2.0,33,0.33332254542958095,0.02693518940168921
0,praslin-106a-seychelles-uhslc.csv,55.767,-4.3433,1.0,29,0.5218032995326775,0.05236223140598398
0,prigi-125a-indonesia-uhslc.csv,111.73,-8.28,4.0,97,0.3124787107580957,0.09502553015500835
0,"princerupert,bc-09354-canada-meds.csv",-130.33,54.317,37.0,144,0.613507011932756,0.11515430612964375
0,"princerupert,canada-001-glossdm-bodc.csv",-130.17,54.317,5.0,116,0.7620012689336315,0.09585611808929624
0,"progreso_c,_yuc.-721c-mexico-uhslc.csv",-89.667,21.283,23.0,79,0.5534266291924708,0.07208156738722851
0,providence_statepier_-usa-noaa.csv,-71.40100000000002,41.807,36.0,107,0.7105444974287453,0.10301809305624143
0,"provideniya-b,russia-001-glossdm-bodc.csv",-173.2,64.4,11.0,58,0.5825977600802875,0.15052456504158918
0,"prudhoe_bay,_ak-579a-usa-uhslc.csv",-148.53,70.4,20.0,95,0.7054623234626444,0.10744120843424661
0,pt._la_rue-121a-seychelles-uhslc.csv,55.528,-4.6717,19.0,45,0.24947741366816967,0.03981416256082078
0,"puertowilliams,chile-001-glossdm-bodc.csv",-67.617,-54.933,21.0,67,0.7503451952492997,0.12332524746004443
0,puerto_angel-672a-mexico-uhslc.csv,-96.493,15.657,3.0,135,0.3098576047062402,0.06834692555583653
0,puerto_armuelles_b-304b-panama-uhslc.csv,-82.86,8.2733,20.0,151,0.11913381380418679,0.09624945506790009
0,puerto_cortes_b-780b-honduras-uhslc.csv,-87.95,15.833,1.0,99,0.45464246253236507,0.10032977464182115
0,puerto_deseado_b-286b-argentina-uhslc.csv,-65.917,-47.75,24.0,73,0.5852845838476735,0.17341056381754436
0,puerto_de_la_luz-pluz-spain-ieo.csv,-15.417,28.133000000000006,35.0,52,0.6402265203257871,0.045893502429408
0,puerto_madero-318a-mexico-uhslc.csv,-92.433,14.717,2.0,140,0.07527388341228554,0.08670007850576769
0,puerto_madryn-731a-argentina-uhslc.csv,-65.032,-38.76300000000001,2.0,92,0.5441820995512897,0.19961842482429562
0,puerto_montt-684a-chile-uhslc.csv,-72.967,-41.483,33.0,104,0.6386172493772716,0.08955115565714203
0,puerto_moreles-860a-mexico-uhslc.csv,-86.867,20.868,4.0,75,0.3124913923087908,0.0594029240460784
0,puerto_plata-777a-dominica_republic-uhslc.csv,-70.702,19.798,1.0,54,0.4763699285572645,0.040341879055400334
0,puerto_princesa-380a-philippines-uhslc.csv,118.73,9.75,15.0,64,0.21104841801658145,0.04234793552541097
0,puerto_quetzal-301a-guatemala-uhslc.csv,-90.785,13.922,18.0,186,0.2620399713031855,0.15234782265757996
0,puntarenas-396a-costa_rica-uhslc.csv,-84.833,9.9667,2.0,95,0.35020771074951296,0.06232224929786214
0,punta_cana-776a-dominica_republic-uhslc.csv,-68.375,18.505,1.0,52,0.6023046620307263,0.03175589337913502
0,"qaqortoq,greenland-001-glossdm-bodc.csv",-46.033,60.717,7.0,92,0.7168968869699912,0.09047452072317701
0,"queencharlottecity,bc-09850-canada-meds.csv",-132.07,53.252,37.0,109,0.5841012010357305,0.10522011244927088
0,"quepos,costarica-001-glossdm-bodc.csv",-84.167,9.4,17.0,144,0.16540409523650965,0.05896266251306561
0,qui_nhon_b-381b-vietnam-uhslc.csv,109.25,13.767,17.0,86,0.5762477148150092,0.062044103476615355
0,raahe-010-finland-fmi.csv,24.407,64.666,37.0,84,0.6834876912782666,0.1512387087131147
0,"rabaul,papuanewguinea-001-glossdm-bodc.csv",152.18,-4.2,20.0,80,0.35261935820247425,0.03173744395651539
0,"rarotonga,cookislands-001-glossdm-bodc.csv",-159.78,-21.207,24.0,65,0.40903724862279756,0.050833411592251944
0,ratan-015-sweden-smhi.csv,20.895,63.986,37.0,91,0.657079710051836,0.13655148158268998
0,rauma-011-finland-fmi.csv,21.426,61.133,37.0,85,0.5928811998485998,0.12633698008351596
0,ravenna-ravenna-italy-idromare.csv,12.283,44.492,25.0,298,0.7139280763757915,0.090842679267851
0,reedypoint-usa-noaa.csv,-75.57300000000002,39.558,35.0,127,0.7561892143159825,0.11223884767719676
0,reggio_calabria-reggio+calabria-italy-idromare.csv,15.649,38.121,12.0,125,0.6425738116397713,0.05813754976361564
0,reihoku-japan-jma.csv,130.03,32.467,3.0,104,0.43564254271092406,0.06856400042260741
0,reunion-164a-france-uhslc.csv,55.285,-20.935,32.0,49,0.226103495993367,0.05129451109938049
0,reykjavik-iceland-coastguard.csv,-21.933000000000003,64.15,36.0,89,0.7067934773681595,0.10486397071173262
0,richard_s_bay-188a-south_africa-uhslc.csv,32.083,-28.8,32.0,198,0.44685135826608136,0.0909615764156433
0,rikitea-016a-french_polynesia-uhslc.csv,-134.95,-23.125,34.0,66,0.5109770564415903,0.03886606607227964
0,ringhals-016-sweden-smhi.csv,12.113,57.25,37.0,96,0.8163399074723513,0.10279966083568526
0,rio_grande-714a-brazil-uhslc.csv,-52.103,-32.138000000000005,16.0,78,0.6158926231540247,0.14055065446017484
0,"rockport,_tx-769a-usa-uhslc.csv",-97.047,28.022,35.0,145,0.712840836411916,0.07307111473244822
0,rodrigues-105a-mauritius-uhslc.csv,63.418,-19.668,27.0,42,0.28829345619534885,0.05850173515767317
0,roervik-005-norway-statkart.csv,11.23,64.859,36.0,93,0.7832856694313226,0.09390972498736513
0,roscoff-france-refmar.csv,-3.9657,48.718,36.0,79,0.7302442849046487,0.09085189963968204
0,rosslyn_bay-330a-australia-uhslc.csv,150.79,-23.162,20.0,77,0.5992077008517405,0.06290422042754455
0,rothera_uk_noc.csv,-68.133,-67.567,12.0,104,0.7971014967684834,0.07346166022642844
0,s.cruz_d._palma_d-206d-spain-uhslc.csv,-17.75,28.683000000000003,12.0,39,0.4726709382246025,0.07118857342556772
0,sabang-123a-indonesia-uhslc.csv,95.317,5.8883,6.0,165,0.2672941332323899,0.08363330033956776
0,"sabine_pass_n,tx-766a-usa-uhslc.csv",-93.87,29.73,22.0,146,0.7442885293897017,0.08936339687377311
0,sado-japan-jma.csv,138.52,38.317,18.0,172,0.685488423821314,0.05804551064023718
0,sagunto-sagunto-spain-pde.csv,-0.206,39.634,8.0,138,0.7226558565074258,0.053978726515883216
0,saigo-japan-jma.csv,133.33,36.2,36.0,143,0.6615018581883392,0.05509244721078791
0,saiki-japan-jma.csv,131.97,32.95,3.0,108,0.4904729680840769,0.07146575041643506
0,saint-gildas-france-refmar.csv,-2.2464,47.14,36.0,95,0.772756505103827,0.0949980745104724
0,saint-jean-de-luz_so-france-refmar.csv,-1.6816,43.395,36.0,121,0.7710075052274756,0.06016823816620587
0,saint-malo-france-refmar.csv,-2.0281,48.64100000000001,20.0,89,0.7246898262478763,0.10040966717757407
0,saint-nazaire-france-refmar.csv,-2.2016,47.267,36.0,87,0.7764365796164387,0.1059791935061963
0,"saintjohn,nb-00065-canada-meds.csv",-66.063,45.25100000000001,37.0,97,0.45898842163461273,0.13269870049362792
0,saint_paul-179a-france-uhslc.csv,77.538,-38.712,12.0,49,0.7424640533574158,0.0671023319932622
0,saipan_b-028b-n._mariana_islands-uhslc.csv,145.74,15.227,33.0,61,0.40258235516060414,0.045199066385285216
0,sakai-japan-jma.csv,133.25,35.55,36.0,150,0.7381502300596827,0.061383716505226435
0,salalah-114a-oman-uhslc.csv,54,16.933,20.0,60,0.4990455461508302,0.039248969181948146
0,saldahna_bay-703a-south_africa-uhslc.csv,17.95,-33.017,31.0,90,0.7143819637116315,0.06800640108470599
0,salerno-salerno-italy-idromare.csv,14.768,40.672,18.0,182,0.6710275009634158,0.06032202558229717
0,salina_cruz-394a-mexico-uhslc.csv,-95.203,16.16,8.0,170,0.5922883093010991,0.07906601840028042
0,salvador_b-708b-brazil-uhslc.csv,-38.517,-12.967,7.0,63,0.4448992452536258,0.033486525251321446
0,sandakan-389a-malaysia-uhslc.csv,118.07,5.81,18.0,235,0.3382318818803851,0.05686657420826365
0,sandiego_quarantinestation_-usa-noaa.csv,-117.17,32.715,37.0,143,0.6398659063733164,0.037713894372761035
0,sandyhook-usa-noaa.csv,-74.009,40.467,37.0,118,0.7438004428137276,0.119537040970163
0,"sand_point,ak-574a-usa-uhslc.csv",-160.5,55.337,35.0,75,0.7788520200880302,0.09882108322992351
0,"sanfelix,chile-001-glossdm-bodc.csv",-80.133,-26.283,11.0,34,0.34028682501747276,0.041205622250836044
0,sanfrancisco-usa-noaa.csv,-122.47,37.807,37.0,156,0.7382479914868754,0.05088287172198358
0,"sanjuan,puertorico,usa-001-glossdm-bodc.csv",-66.117,18.467,17.0,60,0.4579528976207996,0.03277538785891655
0,"santacruz,galapagos,ecuador-001-glossdm-bodc.csv",-90.312,-0.7533,21.0,52,0.25641788132733656,0.04254540453096663
0,santamonica_municipalpier_-usa-noaa.csv,-118.5,34.008,21.0,160,0.577596791263256,0.03852242925907022
0,santana_ssn_b-717b-brazil-uhslc.csv,-51.18,-0.0567,25.0,167,0.06899474329798953,0.19165383932229604
0,santander-ieo-spain.csv,-3.79,43.46100000000001,33.0,103,0.720096904230932,0.0723498793942555
0,"santa_barbara,_ca-577a-usa-uhslc.csv",-119.69,34.408,18.0,136,0.506134305342907,0.04564439882152702
0,santa_cruz-030a-ecuador-uhslc.csv,-90.313,-0.755,34.0,54,0.27868914723027616,0.03911323724270284
0,"santa_monica,_ca-578a-usa-uhslc.csv",-118.5,34.008,35.0,157,0.49454786798202355,0.04955551254999048
0,san_andres-737a-colombia-uhslc.csv,-81.7,12.583,11.0,65,0.24928150636905905,0.054958116248400316
0,san_carlos-674a-mexico-uhslc.csv,-112.12,24.79,2.0,74,0.3674144465440374,0.05799750322151059
0,san_diego-569a-usa-uhslc.csv,-117.17,32.713,35.0,141,0.642016907347187,0.03740522591788281
0,san_felipe-307a-mexico-uhslc.csv,-114.82,31.018,3.0,88,0.3984267591377543,0.07442155397770049
0,san_felix-035a-chile-uhslc.csv,-80.108,-26.292,25.0,37,0.3844722060454037,0.04012291046517308
0,"san_francisco,ca-551a-usa-uhslc.csv",-122.47,37.807,35.0,154,0.7419139323813773,0.051066015848911704
0,"san_juan,pr-245a-usa-uhslc.csv",-66.117,18.46,35.0,75,0.4251249297021559,0.03245476205022514
0,san_juan_b-096b-peru-uhslc.csv,-75.2,-15.367,33.0,138,0.16693780938228064,0.06816095928702302
0,san_quintin-308a-mexico-uhslc.csv,-115.98,30.483,12.0,110,0.6469263378421051,0.03866551962507191
0,sao_tome-225a-sao_tome_principe-uhslc.csv,6.5133,0.0167,1.0,58,0.45575374997906914,0.029886249115015737
0,saumlaki-420a-indonesia-uhslc.csv,131.29,-7.9817,3.0,50,0.32746355448166903,0.03178736899192674
0,scott_base-663a-new_zealand-uhslc.csv,166.75,-77.85,5.0,62,0.7671225629248488,0.05768969239933212
0,seattle-usa-noaa.csv,-122.34,47.603,37.0,197,0.801889017197199,0.0698422112685518
0,seaveyisland-usa-noaa.csv,-70.742,43.08,17.0,74,0.6525528979327432,0.077681276535446
0,sedili-324a-malaysia-uhslc.csv,104.11,1.9317,26.0,294,0.575870516763512,0.0700896580220526
0,seldovia-usa-noaa.csv,-151.72,59.44,36.0,152,0.7687414533844401,0.09872957510177184
0,sete-france-med-refmar.csv,3.6991,43.398,22.0,145,0.7978032681871904,0.06591903491610918
0,settlement_point_b-257b-bahamas-uhslc.csv,-78.997,26.71,27.0,106,0.5174976424799608,0.0467744036477364
0,"seward_c,ak-560c-usa-uhslc.csv",-149.43,60.12,35.0,154,0.8089153853696354,0.08786438260929821
0,"sewellspoint,hamptonroads-usa-noaa.csv",-76.33,36.947,37.0,132,0.7914303599553286,0.09977332916311314
0,shanwei-641a-china-uhslc.csv,115.35,22.75,20.0,100,0.7427811551067162,0.08658313495869283
0,sheerness-p015-uk-bodc.csv,0.74306,51.442,27.0,76,0.6684479366660454,0.17471625646671107
0,shijiusuo-642a-china-uhslc.csv,119.55,35.383,20.0,129,0.6724161032130133,0.1088221676823637
0,shimizuminato-japan-jma.csv,138.52,35.017,36.0,183,0.6592271495421086,0.06457016443997193
0,shimokita-japan-jma.csv,141.23,41.367,18.0,149,0.7553582423306197,0.051457397702880436
0,shimonoseki-japan-jma.csv,130.93,33.933,19.0,150,0.6274795273882103,0.058107780718404146
0,shirahama-japan-jma.csv,135.38,33.683,36.0,162,0.6004657073127846,0.07181850623453834
0,sibolga_b-122b-indonesia-uhslc.csv,98.767,1.75,19.0,415,0.1908361154986225,0.06799735556427389
0,"siboney,cuba-001-glossdm-bodc.csv",-82.47200000000002,23.092,1.0,33,0.3094645441671787,0.09347698172925067
0,simon_s_town-221a-south_africa-uhslc.csv,18.433,-34.183,32.0,91,0.6835530526846397,0.06883899169561898
0,simrishamn-017-sweden-smhi.csv,14.358,55.557,33.0,83,0.5913758203880598,0.12677617643698028
0,"sisimiut,greenland-001-glossdm-bodc.csv",-53.667,66.933,8.0,105,0.6990098795891606,0.09064114378688967
0,"sitka,ak-559a-usa-uhslc.csv",-135.34,57.052,35.0,144,0.8214568175244409,0.07831792576680992
0,skagsudde-018-sweden-smhi.csv,19.012,63.191,27.0,90,0.5605250339950174,0.13028294527936957
0,skagway-usa-noaa.csv,-135.33,59.45,34.0,167,0.7701464481376452,0.10352420273112677
0,skanor-019-sweden-smhi.csv,12.829,55.417,23.0,80,0.562151482982812,0.14349550934914887
0,smogen-020-sweden-smhi.csv,11.218,58.354,37.0,110,0.8174240778566393,0.10770651737744427
0,solenzara-france-med-refmar.csv,9.4038,41.857,3.0,113,0.704036750670004,0.055795753132141045
0,solomonsisland_biol.lab._-usa-noaa.csv,-76.452,38.317,34.0,130,0.7627301917910547,0.08790818282409044
0,"southcaicos,u.k.-001-glossdm-bodc.csv",-72,22,1.0,36,0.4550971051907538,0.14817630271125837
0,"south_beach,or-592a-usa-uhslc.csv",-124.04,44.625,35.0,123,0.8120494784099528,0.07618035331961463
0,south_caicos-720a-uk-uhslc.csv,-71.533,21.483,1.0,46,0.47064706441814314,0.09717647686165762
0,"south_pass,_la-764a-usa-uhslc.csv",-89.14,28.99,5.0,86,0.6958494351282944,0.07090444331584117
0,spikarna-021-sweden-smhi.csv,17.531,62.363,37.0,98,0.5734048859891226,0.12576037824684555
0,springmaidpier-usa-noaa.csv,-78.918,33.655,36.0,129,0.7063615624301299,0.09099933112225975
0,spring_bay-335a-australia-uhslc.csv,147.93,-42.55,28.0,74,0.8463629968562596,0.057346658583459234
0,"st.croix,_akalimetreebay_-001-glossdm-bodc.csv",-64.753,17.697,11.0,53,0.21213338980429827,0.03859785342689248
0,"st.johns,nf-00905-canada-meds.csv",-52.717,47.567,37.0,90,0.7110652570950192,0.09645680576523745
0,st.paulisland-001-glossdm-bodc.csv,77.583,-38.717,3.0,42,0.7310068745168309,0.06349835521998226
0,st.petersburg-usa-noaa.csv,-82.62700000000002,27.761,37.0,148,0.7827051605107209,0.07068864146203803
0,"st._augustine,fl-262a-usa-uhslc.csv",-81.262,29.857,9.0,116,0.6986154996773604,0.09474413936788888
0,st._helena-292a-united_kingdom-uhslc.csv,-5.7167,-15.917,12.0,24,0.27052943712909533,0.022594163445181205
0,st._john_s_b-276b-canada-uhslc.csv,-52.7,47.567,34.0,90,0.7548938406846242,0.09153813769877969
0,"st._petersburg,_fl-759a-usa-uhslc.csv",-82.62700000000002,27.76,35.0,145,0.7829758501630217,0.07080608990290004
0,stanley_uk_noc.csv,-57.82100000000001,-51.692,21.0,58,0.8298440787462648,0.06031450212103434
0,stenungsund-022-sweden-smhi.csv,11.832,58.093,37.0,107,0.8095663924715858,0.11979654298175824
0,"steveston,bc-07607-canada-meds.csv",-123.18,49.125,20.0,208,0.6420970133678952,0.10277725294514688
0,sthelena_uk_noc.csv,-5.7178,-15.921,12.0,24,0.269406165797303,0.02261425906411142
0,sthelier-p074-uk-bodc.csv,-2.1167,49.183,23.0,87,0.7696754529322409,0.09706824227199111
0,stmarys-p231-uk-bodc.csv,-6.3164,49.918,18.0,70,0.818359394065871,0.06855643914771332
0,stockholm-826a-sweden-uhslc.csv,18.082,59.324,35.0,89,0.526964505372787,0.11655613833187846
0,stornoway-p042-uk-bodc.csv,-6.3882,58.208,36.0,72,0.8306759707875331,0.09252294069019999
0,suape-710a-brazil-uhslc.csv,-34.95,-8.35,2.0,50,0.3336216358373534,0.08570573083319599
0,subic_bay-382a-philippines-uhslc.csv,120.25,14.765,5.0,86,0.4386089640545503,0.03883700800196112
0,sumoto-japan-jma.csv,134.9,34.35,36.0,157,0.6218561029047956,0.07144532682641427
0,surabaya-160a-indonesia-uhslc.csv,112.72,-7.2083,21.0,112,0.20724260810340517,0.09443323916294312
0,"suva,fiji-001-glossdm-bodc.csv",178.43,-18.132,23.0,64,0.6218049753400032,0.03212825545854296
0,"syowa,_antarctica-127a-japan-uhslc.csv",39.6,-69,24.0,51,0.699993120487352,0.0668110169986988
0,takamatsu-japan-jma.csv,134.05,34.35,34.0,158,0.6323146694101169,0.07062461946171969
0,takoradi_c-231c-ghana-uhslc.csv,-1.75,4.8833,30.0,176,0.20070024710965326,0.04830874302330021
0,talara_b-092b-peru-uhslc.csv,-81.282,-4.5817,26.0,209,0.15663962457682729,0.07178781768921484
0,tanegashima-japan-jma.csv,130.97,30.467,18.0,136,0.5967280741570027,0.06780333230576761
0,tanjong_pagar-699a-singapore-uhslc.csv,103.85,1.2617,25.0,302,0.465529917086773,0.06355453042578699
0,tannowa-japan-jma.csv,135.18,34.333,36.0,166,0.6208877944590203,0.07190158562881246
0,taranaki-076a-new_zealand-uhslc.csv,174.03,-39.05,29.0,120,0.8391319280879325,0.05844462961349141
0,taranto-taranto-italy-idromare.csv,17.225,40.475,18.0,168,0.6604905876943273,0.06533540968139448
0,"tarawa-c_betio_,kiribati-001-glossdm-bodc.csv",172.94,1.3583,24.0,63,0.23611987381751268,0.04541585705577142
0,tarifa-tari-spain-ieo.csv,-5.6,36,35.0,156,0.6847897244698762,0.05108172214704239
0,tauranga-073a-new_zealand-uhslc.csv,176.18,-37.65,29.0,102,0.8110402150730198,0.046293810056882025
0,tawau-385a-malaysia-uhslc.csv,117.88,4.2333,25.0,296,0.2082736038196376,0.0473117796857436
0,teknaf-137a-bangladesh-uhslc.csv,92.3,20.883000000000006,2.0,92,0.3904483161432396,0.17896033815671247
0,"telchac,_yuk.-862a-mexico-uhslc.csv",-89.30799999999998,21.34,1.0,52,0.591075162553468,0.07344252728161318
0,tenerife-tenerife-spain-pde.csv,-16.24,28.478,22.0,49,0.7368711040305622,0.027959507188248616
0,termisa-284a-brazil-uhslc.csv,-37.05,-4.8167,1.0,44,-0.13355073098884004,0.04282155275573538
0,thevenard-026-australia-johnhunter.csv,133.65,-32.146,27.0,77,0.8270298459343772,0.11898408463418508
0,timaru-665a-new_zealand-uhslc.csv,171.25,-44.383,26.0,122,0.8115166986629365,0.07315976468036148
0,tinian-698a-n._mariana_islands-uhslc.csv,145.62,14.96,7.0,48,0.27296728911554524,0.057431989285141344
0,tioman-323a-malaysia-uhslc.csv,104.14,2.8067,27.0,288,0.5910677016719168,0.06407408840196425
0,toba-japan-jma.csv,136.85,34.467,36.0,176,0.650846936869568,0.07193864968979426
0,tobermory-p223-uk-bodc.csv,-6.0642,56.62300000000001,26.0,75,0.8136527888227519,0.11477268716832781
0,"tofino,bc-08615-canada-meds.csv",-125.91,49.154,36.0,191,0.6606367803720262,0.10020281077425186
0,tokyo-japan-jma.csv,139.77,35.65,36.0,180,0.6711798919097227,0.07536353577112234
0,tosashimizu-japan-jma.csv,132.97,32.783,36.0,158,0.6022854208842966,0.06710982380184889
0,toulon-france-med-refmar.csv,5.9131,43.117,33.0,171,0.7425839375441659,0.04920227735755967
0,townsville-025-australia-johnhunter.csv,146.83,-19.25,27.0,96,0.703948579923759,0.061699061410164055
0,toyama-japan-jma.csv,137.23,36.767,36.0,176,0.6732294911625868,0.05542338399136702
0,tregde-006-norway-statkart.csv,7.5666,58,37.0,123,0.769860663831204,0.08780591834607865
0,trieste-270061-italy-itt.csv,13.75,45.65,35.0,272,0.7754526999179324,0.08986097115110278
0,"truk,fed.micronesia-001-glossdm-bodc.csv",151.85,7.45,17.0,78,0.2443975717275509,0.038068073605677294
0,tsushima-japan-jma.csv,129.32,34.267,14.0,142,0.5343548549726916,0.05520986238505358
0,tsushimahitakatsu-japan-jma.csv,129.48,34.65,4.0,118,0.4883539380065398,0.05420169319368932
0,tumaco-303a-colombia-uhslc.csv,-78.73,1.8167,35.0,388,0.134254211279272,0.0989817591637807
0,turku-012-finland-fmi.csv,22.101,60.428,37.0,84,0.6075750402687153,0.12816758003161113
0,uchiura-japan-jma.csv,138.88,35.017,36.0,181,0.6536797253322654,0.0659132204673046
0,ullapool-p043-uk-bodc.csv,-5.1579,57.895,33.0,74,0.8176345161406837,0.1106227649103039
0,unalaska-usa-noaa.csv,-166.54,53.88,34.0,76,0.8002338002172713,0.07851233045390482
0,uno-japan-jma.csv,133.95,34.483000000000004,36.0,159,0.6369294829978587,0.07195481680098778
0,uragami-japan-jma.csv,135.9,33.567,36.0,165,0.6682193765570561,0.06579166347413125
0,ushuaia-600a-argentina-uhslc.csv,-68.217,-54.817,10.0,63,0.8176457145909122,0.10757817479655334
0,uwajima-japan-jma.csv,132.55,33.233000000000004,36.0,157,0.5763823428075123,0.06477063011656962
0,vaasa-013-finland-fmi.csv,21.571,63.081,37.0,89,0.6148272239108762,0.13383577600055224
0,"valdez,ak-562a-usa-uhslc.csv",-146.36,61.125,35.0,158,0.8064238105553365,0.08619219179953061
0,valencia-valencia-spain-pde.csv,-0.33,39.46,23.0,160,0.7327232818235994,0.05099511129970054
0,vallarta-393a-mexico-uhslc.csv,-105.25,20.615,2.0,111,0.3910370536623876,0.15811963035324064
0,valparaiso-081a-chile-uhslc.csv,-71.633,-33.033,31.0,196,0.3866542424400833,0.04837268283674482
0,"vancouver,bc-07735-canada-meds.csv",-123.11,49.287,37.0,231,0.6869439112858957,0.09539247110165881
0,varberg1-024-sweden-smhi.csv,12.217,57.1,3.0,75,0.762329453673454,0.11551554480252162
0,"vardo,norway-001-glossdm-bodc.csv",31.1,70.333,21.0,75,0.7319712976645205,0.09570365833762555
0,venezia-punta_salute-italy-comune_venezia.csv,12.425999999999998,45.419,33.0,309,0.7742811634325303,0.08504532633139492
0,"veracruz_b,ver.-250b-mexico-uhslc.csv",-96.133,19.2,28.0,224,0.5992150514878507,0.060414567399990224
0,vernadsky-a003-uk+ukraine-noc.csv,-64.267,-65.25,31.0,104,0.7636700162513486,0.08699535471924622
0,victorharbor-027-australia-johnhunter.csv,138.62,-35.55300000000001,27.0,68,0.8500190754138822,0.0993439457532744
0,"victoria,bc-543a-canada-uhslc.csv",-123.37,48.422,35.0,212,0.823494662128444,0.06780085090424186
0,"victoriaharbour,bc-07120-canada-meds.csv",-123.37,48.425,37.0,214,0.6832839247577447,0.08679126009033267
0,victoria_dock-337a-singapore-uhslc.csv,103.82,1.2633,3.0,172,0.41233637211499563,0.0602141684510281
0,vigo-ieo-spain.csv,-8.7333,42.233,33.0,87,0.7618800415933005,0.07271324088303788
0,viken-025-sweden-smhi.csv,12.579,56.142,37.0,82,0.8058936636154105,0.10913814768703511
0,villagarcia-villagarcia-spain-pde.csv,-8.77,42.601000000000006,18.0,88,0.7942947598969823,0.07162932562193228
0,"virginia_key,fl-755a-usa-uhslc.csv",-80.16199999999998,25.732,18.0,117,0.4286431843550348,0.06628557702281246
0,visby-026-sweden-smhi.csv,18.284,57.639,37.0,79,0.5117707347391919,0.10720992636893556
0,vung_tau_b-383b-vietnam-uhslc.csv,107.07,10.34,27.0,89,0.4132128552426749,0.10269295003099506
0,wakayama-japan-jma.csv,135.15,34.217,36.0,166,0.6070836629917177,0.07340009351186534
0,wake-051a-usa_trust-uhslc.csv,166.62,19.283,34.0,46,0.22325999007679304,0.06529561247675794
0,wakkanai-japan-jma.csv,141.68,45.4,36.0,120,0.7720078843879228,0.0605414468911399
0,walvis_bay-220a-namibia-uhslc.csv,14.5,-22.95,34.0,119,0.38240030554733645,0.06492539274785664
0,wanganui-075a-new_zealand-uhslc.csv,174.99,-39.947,1.0,56,0.529952537526072,0.13406310979426037
0,washingtondc-usa-noaa.csv,-77.02199999999998,38.87300000000001,37.0,134,0.680297511144451,0.13363910140166907
0,wellington-071a-new_zealand-uhslc.csv,174.78,-41.283,36.0,115,0.843250199886761,0.05428823415903468
0,west_port-074a-new_zealand-uhslc.csv,171.6,-41.733,1.0,61,0.7003140914841767,0.09196974957360382
0,wewak-063a-papua_new_guinea-uhslc.csv,143.63,-3.57,9.0,239,0.41608850438779743,0.03570126711334371
0,weymouth-p991-uk-bodc.csv,-2.4479,50.608,24.0,75,0.7604782886380961,0.0851881857622836
0,whitby-p174-uk-bodc.csv,-0.61417,54.49,35.0,73,0.7230387005191082,0.12829502887123087
0,wick-p035-uk-bodc.csv,-3.0863,58.441,36.0,75,0.835455129998406,0.08943706014308038
0,"willapa_bay,_wa-564a-usa-uhslc.csv",-123.97,46.708,35.0,147,0.8248504972813502,0.10662291340045911
0,willemstad-778a-curacao-uhslc.csv,-68.942,12.103,1.0,77,0.4959096120820751,0.045739220781315815
0,willetspoint-usa-noaa.csv,-73.782,40.793,22.0,104,0.7458154461131337,0.12533210394960015
0,williamstown-028-australia-johnhunter.csv,144.9,-37.857,27.0,101,0.8538871943995865,0.07275080787004265
0,"wilmington,nc-750a-usa-uhslc.csv",-77.953,34.227,35.0,121,0.5812651735616462,0.09657781962783604
0,wladyslawowo-wlad-poland-eseas.csv,18.419,54.797,25.0,71,0.6722778273839474,0.12699338438209548
0,"woodislands,pei-01630-canada-meds.csv",-62.7,45.683,16.0,85,0.5946289865665088,0.13920780009731076
0,"woods_hole,ma-742a-usa-uhslc.csv",-70.672,41.523,35.0,103,0.7541787594106413,0.08276812483579829
0,workington-p217-uk-bodc.csv,-3.5676,54.651,23.0,76,0.7946634680850224,0.14533876254182612
0,wyndham-029-australia-johnhunter.csv,149.65,-36.929,27.0,111,0.14652020728624543,0.09936422188544286
0,wyndham-165a-australia-uhslc.csv,128.1,-15.453,29.0,139,0.3921529907132436,0.0950229022130245
0,xiamen-376a-china-uhslc.csv,118.07,24.45,20.0,147,0.8140242070058396,0.10184103314811865
0,"yabucoa_harbor,_pr-734a-usa-uhslc.csv",-65.832,18.055,4.0,58,0.3569348966384806,0.033356426423040014
0,yakutat-usa-noaa.csv,-139.74,59.548,36.0,181,0.8197619200850232,0.08627685354869116
0,yap_b-008b-fd._st._micronesia-uhslc.csv,138.13,9.5167,34.0,68,0.2646188915737016,0.04900535823500716
0,"yarmouth,ns-00365-canada-meds.csv",-66.117,43.833,36.0,94,0.601027493593288,0.09777769658504103
0,yokohama-japan-jma.csv,139.63,35.467,29.0,167,0.6615950204769312,0.06772871946411764
0,yonaguni-japan-jma.csv,122.95,24.45,18.0,111,0.5262549675851393,0.0633858296978544
0,ystad-027-sweden-smhi.csv,13.817,55.417,8.0,73,0.5637466949235629,0.13351038829986434
0,zanzibar-151a-tanzania-uhslc.csv,39.19,-6.155,28.0,102,0.2704404120992469,0.03835961476082911
0,zhapo_a-635a-china-uhslc.csv,111.83,21.583,20.0,83,0.7601266726733354,0.09163913772715501
