,tg,p_5,p_10,p_15,p_20,p_25,p_30,p_40,p_50,visual_inspection,lon,lat,recordLength,recordSign,obsRecordLength,numYearsGained,yrGainedSign
0,"aasiaat,greenland_001.csv",2008,1972,1964,1961,1941,1900,1900,1900,1940,-52.883,68.71,70.0,50-75,1,69.0,60-90
1,abashiri_japan.csv,2004,1949,1944,1944,1900,1900,1900,1900,1900,144.28,44.017,110.0,100-125,51,59.0,30-60
2,aberdeen_p038_uk.csv,2009,1988,1900,1900,1900,1900,1900,1900,1900,-2.0745,57.143,110.0,100-125,45,65.0,60-90
3,"adak,alaska_040a_usa.csv",2007,2007,1999,1999,1943,1943,1943,1900,1943,-176.63,51.863,67.0,50-75,55,12.0,0-30
4,ajaccio_aspretto_france.csv,2008,1900,1900,1900,1900,1900,1900,1900,1900,8.7628,41.923,110.0,100-125,10,100.0,90-120
5,alameda_navalairstation__usa.csv,2009,1994,1947,1939,1939,1939,1900,1900,1939,-122.3,37.772,71.0,50-75,35,36.0,30-60
6,albany_001_australia.csv,2009,1994,1994,1994,1994,1994,1900,1900,1994,117.88,-35.024,16.0,0-50,38,-22.0,(-30)-(-15)
7,alcudia_alcudia_spain.csv,1993,1957,1900,1900,1900,1900,1900,1900,1900,3.1392,39.835,110.0,100-125,5,105.0,90-120
8,ammassalik_297a_denmark.csv,2009,2009,1975,1971,1971,1971,1932,1932,1971,-37.0,65.6,39.0,0-50,5,34.0,30-60
9,ancona_ancona_italy.csv,1993,1921,1900,1900,1900,1900,1900,1900,1900,13.506,43.625,110.0,100-125,17,93.0,90-120
10,andenes_001.csv,2008,1988,1900,1900,1900,1900,1900,1900,1900,16.15,69.317,110.0,100-125,12,98.0,90-120
11,angra_heroismo_b_215b_portugal.csv,1978,1966,1944,1944,1900,1900,1900,1900,1900,-27.24,38.65,110.0,100-125,11,99.0,90-120
12,annapolis_navalacademy__usa.csv,1956,1956,1956,1900,1900,1900,1900,1900,1900,-76.482,38.983,110.0,100-125,61,49.0,30-60
13,apalachicola_usa.csv,2003,2003,1900,1900,1900,1900,1900,1900,1938,-84.982,29.727,72.0,50-75,19,53.0,30-60
14,arcachon_eyrac_.csv,2002,1978,1921,1921,1916,1900,1900,1900,1921,-1.1636,44.665,89.0,75-100,12,77.0,60-90
15,"arena_cove,_ca_573a_usa.csv",2009,1983,1978,1934,1934,1934,1900,1900,1934,-123.71,38.913,76.0,75-100,18,58.0,30-60
16,"astoria,or_572a_usa.csv",2005,1994,1994,1972,1947,1947,1900,1900,1947,-123.77,46.208,63.0,50-75,86,-23.0,(-30)-(-15)
17,atlantic_city_264a_usa.csv,1971,1942,1931,1900,1900,1900,1900,1900,1940,-74.418,39.355,70.0,50-75,94,-24.0,(-30)-(-15)
18,auckland_070a_new_zealand.csv,2007,1995,1970,1948,1920,1920,1900,1900,1920,174.77,-36.85,90.0,75-100,5,85.0,60-90
19,ayukawa_japan.csv,2004,1988,1953,1945,1944,1944,1944,1944,1944,141.5,38.3,66.0,50-75,45,21.0,0-30
20,bakar_bakar_I_croatia.csv,1993,1993,1900,1900,1900,1900,1900,1900,1900,14.533,45.3,110.0,100-125,40,70.0,60-90
21,baltimore_usa.csv,1944,1940,1940,1900,1900,1900,1900,1900,1940,-76.578,39.267,70.0,50-75,65,5.0,0-30
22,bangor_p662_uk.csv,2009,2009,2009,1921,1921,1900,1900,1900,1947,-5.6695,54.665,63.0,50-75,15,48.0,30-60
23,barcelona_barcelona_spain.csv,1994,1957,1900,1900,1900,1900,1900,1900,1900,2.163,41.342,110.0,100-125,22,88.0,60-90
24,"barharbor,frenchmanbay,me_usa.csv",2004,2004,2004,1943,1943,1931,1900,1900,1931,-68.205,44.392,79.0,75-100,49,30.0,0-30
25,barmouth_p923_uk.csv,2009,2009,2009,2009,1921,1900,1900,1900,1921,-4.0452,52.719,89.0,75-100,16,73.0,60-90
26,barseback_001_sweden.csv,2008,2008,1900,1900,1900,1900,1900,1900,1900,12.903,55.756,110.0,100-125,22,88.0,60-90
27,base_prat_b_730b_chile.csv,2009,2006,2000,2000,2000,1946,1946,1946,discard,-59.633,-62.483,,,19,,nan
28,bayonne_boucau_.csv,2007,1957,1957,1921,1900,1900,1900,1900,1900,-1.5148,43.527,110.0,100-125,36,74.0,60-90
29,bilbao_bilbao_spain.csv,1960,1957,1957,1900,1900,1900,1900,1900,1900,-3.05,43.357,110.0,100-125,22,88.0,60-90
30,bluff_072a_new_zealand.csv,2008,1992,1979,1962,1900,1900,1900,1900,1980,168.35,-46.6,30.0,0-50,17,13.0,0-30
31,bonanza_bonanza_spain.csv,2008,2008,1921,1900,1900,1900,1900,1900,1900,-6.34,36.8,110.0,100-125,22,88.0,60-90
32,"boston,ma_741a_usa.csv",2009,2009,2009,1900,1900,1900,1900,1900,1940,-71.052,42.355,70.0,50-75,90,-20.0,(-30)-(-15)
33,boulogne_sur_mer_.csv,2008,1973,1921,1921,1921,1900,1900,1900,1921,1.5777,50.727,89.0,75-100,23,66.0,60-90
34,bournemouth_p988_uk.csv,2009,1973,1973,1921,1921,1921,1900,1900,1921,-1.8749,50.714,89.0,75-100,17,72.0,60-90
35,brest_.csv,1982,1973,1973,1973,1900,1900,1900,1900,1921,-4.5,48.383,89.0,75-100,150,-61.0,(-60)-(-30)
36,bridgeport_usa.csv,1971,1940,1938,1938,1900,1900,1900,1900,1938,-73.182,41.173,72.0,50-75,45,27.0,0-30
37,bunbury_006_australia.csv,2009,2009,1994,1994,1900,1900,1900,1900,discard,115.64,-33.327,,,38,,nan
38,burnie_344a_australia.csv,1999,1983,1974,1974,1974,1973,1900,1900,1973,145.91,-41.5,37.0,0-50,20,17.0,0-30
39,cadiz_cadi_spain.csv,2009,2008,1996,1996,1996,1900,1900,1900,1900,-6.2833,36.533,110.0,100-125,48,62.0,60-90
40,cagliari_cagliari_italy.csv,1992,1988,1988,1900,1900,1900,1900,1900,1940,9.1143,39.21,70.0,50-75,17,53.0,30-60
41,calais_.csv,2009,1921,1921,1921,1900,1900,1900,1900,1921,1.8677,50.969,89.0,75-100,30,59.0,30-60
42,cambridgeii_usa.csv,1979,1956,1954,1900,1900,1900,1900,1900,1940,-76.068,38.573,70.0,50-75,34,36.0,30-60
43,cananeia_281a_brazil.csv,2009,2009,1997,1997,1997,1941,1941,1900,discard,-47.925,-25.017,,,52,,nan
44,capemay_usa.csv,1971,1942,1900,1900,1900,1900,1900,1900,1942,-74.96,38.968,68.0,50-75,42,26.0,0-30
45,cape_ferguson_343a_australia.csv,1997,1900,1900,1900,1900,1900,1900,1900,1900,147.06,-19.277,110.0,100-125,21,89.0,60-90
46,"cape_may,nj_746a_usa.csv",1971,1942,1938,1900,1900,1900,1900,1900,1940,-74.96,38.968,70.0,50-75,41,29.0,0-30
47,cape_town_704a_south_africa.csv,2007,2007,2007,1975,1945,1945,1943,1943,discard,18.433,-33.9,,,28,,nan
48,carloforte_carloforte_italy.csv,1993,1988,1988,1900,1900,1900,1900,1900,1900,8.3095,39.148,110.0,100-125,12,98.0,90-120
49,carnarvon_008_australia.csv,2007,1994,1994,1994,1900,1900,1900,1900,1900,113.66,-24.884,110.0,100-125,27,83.0,60-90
50,cascais_209a_portugal.csv,2009,1937,1900,1900,1900,1900,1900,1900,1900,-9.4167,38.692,110.0,100-125,41,69.0,60-90
51,casey_130a_australia.csv,2004,1999,1975,1975,1975,1900,1900,1900,1900,110.53,-66.283,110.0,100-125,9,101.0,90-120
52,castletownsend_835a_ireland.csv,1997,1976,1961,1921,1900,1900,1900,1900,1921,-9.1833,51.533,89.0,75-100,4,85.0,60-90
53,cedarkeyii_usa.csv,2003,2003,1964,1964,1900,1900,1900,1900,1941,-83.032,29.135,69.0,50-75,18,51.0,30-60
54,ceuta_ceta_spain.csv,2008,1921,1900,1900,1900,1900,1900,1900,1900,-5.3167,35.9,110.0,100-125,65,45.0,30-60
55,"charleston,or_575a_usa.csv",2009,2009,1994,1994,1900,1900,1900,1900,1940,-124.32,43.345,70.0,50-75,34,36.0,30-60
56,"charleston,sc_261a_usa.csv",2003,1964,1964,1964,1964,1906,1900,1900,1964,-79.925,32.782,46.0,0-50,90,-44.0,(-60)-(-30)
57,chatham_079a_new_zealand.csv,2009,2001,1945,1918,1918,1900,1900,1900,discard,-176.56,-43.947,,,6,,nan
58,chesapeake_bbt_749a_usa.csv,1946,1942,1942,1942,1941,1900,1900,1900,1942,-76.113,36.967,68.0,50-75,38,30.0,0-30
59,choshigyoko_japan.csv,1952,1945,1945,1945,1945,1944,1944,1900,1944,140.87,35.75,66.0,50-75,38,28.0,0-30
60,civitavecchia_civitavecchia_italy.csv,1988,1946,1900,1900,1900,1900,1900,1900,1900,11.79,42.094,110.0,100-125,10,100.0,90-120
61,"clearwater_bch,fl_773a_usa.csv",2006,2003,2003,2003,1900,1900,1900,1900,1941,-82.832,27.977,69.0,50-75,17,52.0,30-60
62,concarneau_.csv,2007,1973,1973,1921,1900,1900,1900,1900,1921,-3.9072,47.874,89.0,75-100,14,75.0,60-90
63,"cordova_b,alaska_583b_usa.csv",1977,1973,1943,1942,1942,1942,1900,1900,1942,-145.75,60.558,68.0,50-75,42,26.0,0-30
64,corinto_679a_nicaragua.csv,2009,2009,1995,1994,1994,1994,1900,1900,1994,-87.117,12.283,16.0,0-50,1,15.0,0-30
65,"corpus_cristi,tx_770a_usa.csv",2009,1994,1940,1940,1939,1939,1900,1900,1939,-97.217,27.58,71.0,50-75,25,46.0,30-60
66,coruna_coru_spain.csv,1957,1954,1921,1921,1900,1900,1900,1900,1955,-8.4,43.367,55.0,50-75,66,-11.0,(-15)-(0)
67,"crescent_city,ca_556a_usa.csv",2009,2009,2009,2009,1900,1900,1900,1900,1939,-124.18,41.745,71.0,50-75,69,2.0,0-30
68,cuxhaven_germany.csv,2008,1900,1900,1900,1900,1900,1900,1900,1900,8.7167,53.867,110.0,100-125,98,12.0,0-30
69,dalian_a_630a_china.csv,2008,1974,1942,1942,1942,1942,1900,1900,1942,121.66,38.925,68.0,50-75,16,52.0,30-60
70,dallmann_c_682c_unconfirmed.csv,2009,2009,2000,2000,1983,1946,1946,1946,discard,-58.683,-62.233,,,2,,nan
71,"dauphin_island,_al_763a_usa.csv",2004,2003,1900,1900,1900,1900,1900,1900,1935,-88.075,30.25,75.0,50-75,12,63.0,60-90
72,"davis,australia_001.csv",2006,2002,1945,1945,1945,1945,1900,1900,1945,78.5,-68.0,65.0,50-75,6,59.0,30-60
73,davis_173a_australia.csv,1995,1945,1944,1944,1900,1900,1900,1900,1900,77.967,-68.45,110.0,100-125,15,95.0,90-120
74,delfzijl_del_nl.csv,1987,1900,1900,1900,1900,1900,1900,1900,1900,6.9331,53.326,110.0,100-125,45,65.0,60-90
75,denhelder_hel_nl.csv,2009,1921,1921,1900,1900,1900,1900,1900,1921,4.7464,52.965,89.0,75-100,45,44.0,30-60
76,devonport_p002_uk.csv,2009,1973,1973,1973,1921,1900,1900,1900,1921,-4.1852,50.368,89.0,75-100,22,67.0,60-90
77,dieppe_.csv,2009,1973,1921,1921,1921,1900,1900,1900,1921,1.0845,49.929,89.0,75-100,38,51.0,30-60
78,donges_.csv,2000,1977,1900,1900,1900,1900,1900,1900,1900,-2.0883,47.306,110.0,100-125,24,86.0,60-90
79,dover_p012_uk.csv,2009,2002,1921,1921,1921,1900,1900,1900,1921,1.3181,51.117,89.0,75-100,51,38.0,30-60
80,"duck_pier,nc_260a_usa.csv",1952,1942,1942,1942,1942,1942,1900,1900,1942,-75.74,36.183,68.0,50-75,34,34.0,30-60
81,dumont_d_urville_189a_france.csv,2008,2007,2003,1900,1900,1900,1900,1900,1900,140.01,-66.662,110.0,100-125,2,108.0,90-120
82,dunkerque_.csv,2009,1971,1921,1921,1900,1900,1900,1900,1921,2.3667,51.048,89.0,75-100,41,48.0,30-60
83,"dutch_harbor_b,ak_041b_usa.csv",2007,2002,2002,2002,1999,1941,1900,1900,1941,-166.54,53.88,69.0,50-75,35,34.0,30-60
84,east_london_187a_south_africa.csv,2009,2009,2005,2005,1967,1967,1942,1900,discard,27.917,-33.017,,,19,,nan
85,esbjerg_130121_denmark.csv,2009,1900,1900,1900,1900,1900,1900,1900,1900,8.4333,55.467,110.0,100-125,62,48.0,30-60
86,esperance_010_australia.csv,2007,1995,1994,1994,1900,1900,1900,1900,1994,121.89,-33.861,16.0,0-50,39,-23.0,(-30)-(-15)
87,"esperanza,argentina_001.csv",2009,2009,2000,2000,2000,1990,1946,1946,discard,-56.995,-63.395,,,1,,nan
88,"esperence,australia_001.csv",2007,1995,1994,1994,1900,1900,1900,1900,discard,121.9,-33.867,,,11,,nan
89,faraday_700a_united_kingdom.csv,2009,2006,2006,2005,2005,1946,1946,1946,discard,-64.267,-65.25,,,37,,nan
90,felixstowe_p204_uk.csv,2009,2009,2002,1921,1921,1921,1900,1900,1921,1.3484,51.957,89.0,75-100,21,68.0,60-90
91,fernandina_beach_240a_usa.csv,2009,2004,2004,2004,2004,2003,1900,1900,1941,-81.467,30.672,69.0,50-75,51,18.0,0-30
92,ferrol_ferrol_spain.csv,1957,1956,1921,1921,1900,1900,1900,1900,1921,-8.326,43.463,89.0,75-100,8,81.0,60-90
93,fishguard_p055_uk.csv,2009,2009,1973,1921,1921,1900,1900,1900,1921,-4.9833,52.014,89.0,75-100,45,44.0,30-60
94,"flores,santa_cruz_210a_portugal.csv",2000,1980,1945,1945,1944,1900,1900,1900,1944,-31.168,39.378,66.0,50-75,22,44.0,30-60
95,fortmyers_usa.csv,2003,1941,1941,1939,1939,1900,1900,1900,1939,-81.871,26.648,71.0,50-75,17,54.0,30-60
96,fortpulaski_usa.csv,2008,2003,1964,1964,1946,1906,1900,1900,1946,-80.902,32.033,64.0,50-75,61,3.0,0-30
97,"fort_pulaski,ga_752a_usa.csv",2008,2005,2005,2003,2003,1964,1900,1900,1946,-80.902,32.033,64.0,50-75,72,-8.0,(-15)-(0)
98,freeport_usa.csv,2007,1998,1998,1998,1998,1900,1900,1900,1940,-95.308,28.948,70.0,50-75,52,18.0,0-30
99,fremantle_012_australia.csv,2009,2009,1994,1900,1900,1900,1900,1900,1953,115.75,-32.053,57.0,50-75,96,-39.0,(-60)-(-30)
100,fridayharbor_ocean.labs.__usa.csv,2009,2009,2009,2009,1944,1900,1900,1900,1944,-123.01,48.547,66.0,50-75,20,46.0,30-60
101,fuerteventura_fuerteventura_spain.csv,2009,1981,1941,1900,1900,1900,1900,1900,1941,-13.85,28.5,69.0,50-75,11,58.0,30-60
102,fukaura_japan.csv,2008,1945,1945,1945,1944,1944,1944,1900,1944,139.93,40.65,66.0,50-75,41,25.0,0-30
103,funchal_b_218b_portugal.csv,2009,2009,2009,1900,1900,1900,1900,1900,1900,-16.907,32.64,110.0,100-125,25,85.0,60-90
104,"galveston,pier_21_775a_usa.csv",2008,2008,2007,1961,1961,1900,1900,1900,1939,-94.79,29.287,71.0,50-75,102,-31.0,(-60)-(-30)
105,geelong_013_australia.csv,1999,1976,1900,1900,1900,1900,1900,1900,1950,144.36,-38.147,60.0,50-75,29,31.0,30-60
106,geraldton_014_australia.csv,2009,1995,1995,1900,1900,1900,1900,1900,1960,114.61,-28.773,50.0,0-50,39,11.0,0-30
107,gijon_gijon_spain.csv,1977,1957,1921,1900,1900,1900,1900,1900,1900,-5.698,43.558,110.0,100-125,18,92.0,90-120
108,gisborne_b_078b_new_zealand.csv,2007,1978,1948,1948,1948,1900,1900,1900,1937,178.03,-38.683,73.0,50-75,7,66.0,60-90
109,gladstone_p234_uk.csv,2009,2009,2009,1921,1921,1900,1900,1900,1900,-3.018,53.45,110.0,100-125,18,92.0,90-120
110,gloucesterpoint_usa.csv,1964,1954,1941,1941,1900,1900,1900,1900,1941,-76.5,37.247,69.0,50-75,8,61.0,60-90
111,goteborgtorshamnen_005_sweden.csv,2008,1971,1900,1900,1900,1900,1900,1900,1900,11.8,57.683,110.0,100-125,48,62.0,60-90
112,grandisle_usa.csv,2003,1939,1939,1939,1900,1900,1900,1900,1939,-89.957,29.263,71.0,50-75,34,37.0,30-60
113,hachinohe_japan.csv,1988,1953,1944,1944,1944,1944,1900,1900,1944,141.53,40.533,66.0,50-75,50,16.0,0-30
114,hakodate_japan.csv,2008,1978,1974,1974,1945,1944,1900,1900,1944,140.73,41.783,66.0,50-75,51,15.0,0-30
115,hamada_japan.csv,1964,1957,1957,1957,1953,1944,1944,1944,1944,132.07,34.9,66.0,50-75,30,36.0,30-60
116,hanasaki_japan.csv,2009,1988,1972,1944,1944,1900,1900,1900,1944,145.57,43.283,66.0,50-75,53,13.0,0-30
117,harwich_p022_uk.csv,2009,1974,1973,1973,1973,1900,1900,1900,1973,1.2845,51.947,37.0,0-50,21,16.0,0-30
118,heimsjoe_001_norway.csv,2009,1942,1900,1900,1900,1900,1900,1900,1900,9.1014,63.425,110.0,100-125,45,65.0,60-90
119,heysham_p050_uk.csv,2009,1996,1973,1921,1900,1900,1900,1900,1921,-2.9204,54.032,89.0,75-100,35,54.0,30-60
120,hillarys_132a_australia.csv,2009,2009,1994,1994,1994,1994,1900,1900,1962,115.74,-31.825,48.0,0-50,22,26.0,0-30
121,hobart_016_australia.csv,2001,1983,1983,1973,1900,1900,1900,1900,discard,147.33,-42.883,,,30,,nan
122,hoekvanholla_hvh_nl.csv,2009,2009,1921,1900,1900,1900,1900,1900,1921,4.12,51.977,89.0,75-100,45,44.0,30-60
123,holyhead_p054_uk.csv,2009,1980,1973,1973,1900,1900,1900,1900,1961,-4.6312,53.308,49.0,0-50,34,15.0,0-30
124,hong_kong_b_329b_china.csv,2009,2009,2009,1942,1942,1942,1942,1900,1942,114.2,22.3,68.0,50-75,51,17.0,0-30
125,honningsvaag_002_norway.csv,2008,1997,1993,1993,1900,1900,1900,1900,1900,25.973,70.98,110.0,100-125,41,69.0,60-90
126,hornbaek_838a_denmark.csv,2008,2008,2008,2008,1900,1900,1900,1900,1900,12.467,56.1,110.0,100-125,115,-5.0,(-15)-(0)
127,"horta,azores_212a_portugal.csv",2000,1944,1944,1900,1900,1900,1900,1900,1900,-28.622,38.533,110.0,100-125,2,108.0,90-120
128,huelva_huelva_spain.csv,2009,1952,1952,1952,1900,1900,1900,1900,1900,-6.834,37.132,110.0,100-125,18,92.0,90-120
129,"humboldt_bay,_ca_576a_usa.csv",2009,2009,1944,1944,1900,1900,1900,1900,1939,-124.22,40.767,71.0,50-75,20,51.0,30-60
130,ibiza_ibiza_spain.csv,1982,1900,1900,1900,1900,1900,1900,1900,1900,1.4497,38.911,110.0,100-125,12,98.0,90-120
131,ilfracombe_p061_uk.csv,2009,1973,1973,1973,1973,1921,1900,1900,1921,-4.1109,51.211,89.0,75-100,26,63.0,60-90
132,"ilulissat,greenland_001.csv",2000,2000,2000,2000,1900,1900,1900,1900,1939,-51.1,69.217,71.0,50-75,3,68.0,60-90
133,imbituba_718a_brazil.csv,2008,2008,2007,1946,1941,1941,1941,1900,discard,-48.4,-28.133,,,5,,nan
134,imperia_imperia_italy.csv,2008,1988,1900,1900,1900,1900,1900,1900,1900,8.0188,43.878,110.0,100-125,13,97.0,90-120
135,jackson_403a_new_zealand.csv,2007,1980,1980,1980,1900,1900,1900,1900,1900,168.62,-43.983,110.0,100-125,14,96.0,90-120
136,juneau_usa.csv,2009,1976,1957,1947,1947,1900,1900,1900,1947,-134.41,58.298,63.0,50-75,35,28.0,0-30
137,kanmen_a_632a_china.csv,2009,2009,2009,1943,1943,1943,1943,1900,1943,121.28,28.088,67.0,50-75,24,43.0,30-60
138,kerguelen_180a_france.csv,2009,2007,2006,2006,1966,1947,1900,1900,discard,70.22,-49.345,,,19,,nan
139,"ketchikan,ak_571a_usa.csv",2009,1976,1944,1944,1944,1944,1900,1900,1944,-131.63,55.333,66.0,50-75,71,-5.0,(-15)-(0)
140,kingedwardpoint_uk.csv,2008,2005,2002,1989,1989,1989,1900,1900,discard,-36.497,-54.283,,,5,,nan
141,kinlochbervi_p918_uk.csv,2009,1987,1900,1900,1900,1900,1900,1900,1900,-5.0504,58.457,110.0,100-125,20,90.0,60-90
142,kiptopekebeach_usa.csv,1948,1945,1942,1900,1900,1900,1900,1900,1942,-75.988,37.165,68.0,50-75,19,49.0,30-60
143,knysna_186a_south_africa.csv,2009,2007,1967,1967,1967,1953,1942,1942,1967,23.033,-32.033,43.0,0-50,27,16.0,0-30
144,"kodiak_isl.,alaska_039a_usa.csv",1982,1944,1943,1943,1943,1900,1900,1900,1943,-152.51,57.732,67.0,50-75,33,34.0,30-60
145,kungsvik_009_sweden.csv,2008,1900,1900,1900,1900,1900,1900,1900,1900,11.127,58.997,110.0,100-125,42,68.0,60-90
146,kushiro_japan.csv,2002,1972,1972,1972,1972,1900,1900,1900,1940,144.38,42.967,70.0,50-75,52,18.0,0-30
147,l._cornwallis_i._705a_canada.csv,1994,1947,1947,1947,1946,1900,1900,1900,1946,-96.95,75.383,64.0,50-75,7,57.0,30-60
148,laohutan_a_631a_china.csv,2009,1974,1974,1954,1954,1954,1900,1900,1954,121.68,38.867,56.0,50-75,8,48.0,30-60
149,las_palmas_laspalmas_spain.csv,2009,2009,2009,2009,1941,1941,1900,1900,1941,-15.412,28.141,69.0,50-75,22,47.0,30-60
150,la_coruna_830a_spain.csv,1957,1956,1921,1921,1900,1900,1900,1900,1900,-8.4,43.367,110.0,100-125,68,42.0,30-60
151,la_rochelle_la_palli_.csv,2002,1956,1921,1916,1916,1916,1900,1900,1916,-1.2206,46.158,94.0,75-100,26,68.0,60-90
152,leith_p034_uk.csv,2009,1989,1921,1921,1900,1900,1900,1900,1921,-3.1817,55.99,89.0,75-100,23,66.0,60-90
153,lerwick_p041_uk.csv,2009,1991,1900,1900,1900,1900,1900,1900,1900,-1.1333,60.15,110.0,100-125,48,62.0,60-90
154,les_sables_d_olonne_.csv,2007,1960,1957,1921,1921,1916,1900,1900,1921,-1.7935,46.497,89.0,75-100,23,66.0,60-90
155,"lewes,de_747a_usa.csv",1992,1941,1931,1900,1900,1900,1900,1900,1940,-75.12,38.782,70.0,50-75,54,16.0,0-30
156,le_conquet_.csv,2007,1973,1973,1973,1921,1921,1900,1900,1921,-4.7807,48.359,89.0,75-100,40,49.0,30-60
157,le_crouesty_.csv,1998,1973,1900,1900,1900,1900,1900,1900,1900,-2.8952,47.543,110.0,100-125,8,102.0,90-120
158,le_havre_.csv,2009,1973,1921,1916,1900,1900,1900,1900,1916,0.106,49.482,94.0,75-100,42,52.0,30-60
159,lowestoft_p024_uk.csv,1996,1973,1921,1921,1900,1900,1900,1900,1921,1.7508,52.473,89.0,75-100,51,38.0,30-60
160,lusi_a_633a_china.csv,2009,1996,1996,1943,1943,1942,1900,1900,1942,121.62,32.133,68.0,50-75,20,48.0,30-60
161,lyttelton_667a_new_zealand.csv,2001,1979,1962,1962,1948,1900,1900,1900,1948,172.72,-43.6,62.0,50-75,18,44.0,30-60
162,maaloey_003_norway.csv,2009,2009,1942,1900,1900,1900,1900,1900,1900,5.1133,61.934,110.0,100-125,43,67.0,60-90
163,mahon_mahon_spain.csv,2008,1988,1957,1900,1900,1900,1900,1900,1900,4.2706,39.893,110.0,100-125,5,105.0,90-120
164,maizuru_japan.csv,1988,1950,1945,1945,1945,1945,1944,1900,1945,135.38,35.467,65.0,50-75,46,19.0,0-30
165,malin_head_834a_ireland.csv,2009,2002,1921,1921,1921,1900,1900,1900,1948,-7.3333,55.367,62.0,50-75,41,21.0,0-30
166,"maniitsoq,greenland_001.csv",2007,1944,1944,1941,1900,1900,1900,1900,1941,-52.905,65.413,69.0,50-75,1,68.0,60-90
167,marsden_point_398a_new_zealand.csv,2007,2007,1984,1978,1948,1920,1900,1900,1948,174.5,-35.833,62.0,50-75,28,34.0,30-60
168,marseille_france.csv,2008,1988,1988,1900,1900,1900,1900,1900,1900,5.35,43.3,110.0,100-125,16,94.0,90-120
169,mar_del_plata_b_729b_argentina.csv,2009,2009,1975,1975,1900,1900,1900,1900,1975,-57.55,-38.05,35.0,0-50,6,29.0,0-30
170,"massacre_bay,ak_550a_usa.csv",2007,2000,1948,1946,1946,1943,1900,1900,1946,173.2,52.833,64.0,50-75,19,45.0,30-60
171,mawson_177a_australia.csv,2008,2002,1945,1945,1945,1945,1900,1900,1945,62.883,-67.6,65.0,50-75,17,48.0,30-60
172,"mayport,fl_753a_usa.csv",2009,1964,1964,1964,1906,1906,1900,1900,1946,-81.432,30.395,64.0,50-75,72,-8.0,(-15)-(0)
173,milfordhaven_p056_uk.csv,2009,2009,1973,1921,1921,1921,1900,1900,1921,-5.0143,51.702,89.0,75-100,30,59.0,30-60
174,millport_p049_uk.csv,2009,1991,1921,1921,1900,1900,1900,1900,1921,-4.9058,55.75,89.0,75-100,32,57.0,30-60
175,miyako_japan.csv,1988,1988,1944,1944,1944,1944,1900,1900,1944,141.98,39.65,66.0,50-75,50,16.0,0-30
176,monaco_port_hercule_france.csv,2008,1988,1988,1900,1900,1900,1900,1900,1900,7.4215,43.729,110.0,100-125,22,88.0,60-90
177,"montauk,ny_279a_usa.csv",2002,1950,1950,1949,1900,1900,1900,1900,1949,-71.96,41.048,61.0,50-75,45,16.0,0-30
178,"monterey,ca_555a_usa.csv",2009,2009,2009,2009,2009,1983,1900,1900,1977,-121.89,36.605,33.0,0-50,39,-6.0,(-15)-(0)
179,morayfirth_p207_uk.csv,2009,1987,1900,1900,1900,1900,1900,1900,1900,-4.0022,57.599,110.0,100-125,5,105.0,90-120
180,mossel_bay_185a_south_africa.csv,2007,1983,1983,1978,1953,1953,1942,1942,1978,22.133,-34.183,32.0,0-50,31,1.0,0-30
181,mumbles_p932_uk.csv,2009,2009,1973,1973,1921,1900,1900,1900,1921,-3.9754,51.57,89.0,75-100,15,74.0,60-90
182,nantucketisland_usa.csv,2009,2009,1943,1943,1900,1900,1900,1900,1943,-70.097,41.285,67.0,50-75,48,19.0,0-30
183,napier_668a_new_zealand.csv,2002,2000,1948,1948,1948,1900,1900,1900,1948,176.92,-39.483,62.0,50-75,20,42.0,30-60
184,napoli_napoli_italy.csv,2007,1984,1977,1900,1900,1900,1900,1900,1900,14.269,40.841,110.0,100-125,20,90.0,60-90
185,"neah_bay,wa_558a_usa.csv",2009,1972,1972,1944,1944,1944,1900,1900,1944,-124.62,48.368,66.0,50-75,75,-9.0,(-15)-(0)
186,nelson_077a_new_zealand.csv,2003,1973,1948,1948,1900,1900,1900,1900,1948,173.27,-41.267,62.0,50-75,15,47.0,30-60
187,newhaven_p011_uk.csv,2009,1973,1921,1921,1921,1900,1900,1900,1921,0.05703,50.782,89.0,75-100,26,63.0,60-90
188,newlondon_usa.csv,2002,1950,1950,1950,1950,1900,1900,1900,1937,-72.09,41.361,73.0,50-75,61,12.0,0-30
189,newlyn_p001_uk.csv,2008,1982,1973,1973,1900,1900,1900,1900,1921,-5.5417,50.102,89.0,75-100,74,15.0,0-30
190,"newport,ri_253a_usa.csv",2009,2009,1938,1900,1900,1900,1900,1900,1938,-71.327,41.505,72.0,50-75,77,-5.0,(-15)-(0)
191,newport_usa.csv,2009,1942,1938,1938,1900,1900,1900,1900,1938,-71.327,41.505,72.0,50-75,61,11.0,0-30
192,newyork_thebattery__usa.csv,1998,1940,1931,1900,1900,1900,1900,1900,1940,-74.014,40.701,70.0,50-75,60,10.0,0-30
193,"new_london,ct_744a_usa.csv",2009,1971,1950,1950,1950,1900,1900,1900,1938,-72.087,41.355,72.0,50-75,69,3.0,0-30
194,"new_york,ny_745a_usa.csv",1946,1940,1931,1900,1900,1900,1900,1900,1940,-74.015,40.7,70.0,50-75,71,-1.0,(-15)-(0)
195,nice_france.csv,2008,1992,1988,1900,1900,1900,1900,1900,1900,7.2853,43.696,110.0,100-125,15,95.0,90-120
196,"nome,ak_595a_usa.csv",2009,1956,1953,1943,1943,1900,1900,1900,1943,-165.43,64.5,67.0,50-75,15,52.0,30-60
197,northshields_p032_uk.csv,2009,2009,2009,2009,1900,1900,1900,1900,1900,-1.4398,55.007,110.0,100-125,39,71.0,60-90
198,noto_japan.csv,1981,1950,1950,1944,1944,1944,1944,1944,1944,137.15,37.5,66.0,50-75,16,50.0,30-60
199,"ny_alesund,norway_001.csv",2009,2008,2008,2008,1989,1949,1900,1900,1989,11.95,78.933,21.0,0-50,23,-2.0,(-15)-(0)
200,ofunato_japan.csv,1988,1953,1945,1944,1944,1944,1900,1900,1944,141.72,39.067,66.0,50-75,47,19.0,0-30
201,onahama_japan.csv,2003,1950,1945,1945,1944,1944,1944,1944,1944,140.9,36.933,66.0,50-75,52,14.0,0-30
202,ortona_ortona_italy.csv,1993,1943,1921,1900,1900,1900,1900,1900,1900,14.415,42.356,110.0,100-125,13,97.0,90-120
203,oslo_004_norway.csv,2009,1971,1900,1900,1900,1900,1900,1900,1900,10.734,59.909,110.0,100-125,42,68.0,60-90
204,otaru_japan.csv,2003,1945,1945,1934,1900,1900,1900,1900,1940,141.0,43.2,70.0,50-75,17,53.0,30-60
205,palermo_palermo_italy.csv,2008,1990,1988,1988,1981,1900,1900,1900,1955,13.371,38.121,55.0,50-75,12,43.0,30-60
206,palma_de_mallorca_palmademallorca_spain.csv,1988,1939,1900,1900,1900,1900,1900,1900,1900,2.6375,39.56,110.0,100-125,5,105.0,90-120
207,panama_city_beach_761a_usa.csv,1956,1938,1900,1900,1900,1900,1900,1900,1947,-85.88,30.213,63.0,50-75,15,48.0,30-60
208,"pensacola,fl_762a_usa.csv",2003,1939,1900,1900,1900,1900,1900,1900,1939,-87.213,30.403,71.0,50-75,85,-14.0,(-15)-(0)
209,ponta_delgada_211a_portugal.csv,1978,1944,1944,1944,1944,1944,1900,1900,1944,-25.672,37.735,66.0,50-75,19,47.0,30-60
210,portadelaideouter_020_australia.csv,1994,1950,1950,1950,1900,1900,1900,1900,1950,138.6,-34.926,60.0,50-75,69,-9.0,(-15)-(0)
211,"portelizabeth,southafrica_001.csv",2006,1983,1983,1983,1943,1943,1943,1942,discard,25.63,-33.96,,,13,,nan
212,portellen_p202_uk.csv,2009,1987,1973,1921,1921,1900,1900,1900,1921,-6.1901,55.627,89.0,75-100,19,70.0,60-90
213,porterin_p919_uk.csv,2009,1987,1973,1921,1921,1900,1900,1900,1921,-4.7681,54.085,89.0,75-100,19,70.0,60-90
214,"portland,s.aus._129a_australia.csv",1999,1999,1900,1900,1900,1900,1900,1900,1900,141.6,-38.333,110.0,100-125,22,88.0,60-90
215,portland_maine__usa.csv,2002,2002,1938,1900,1900,1900,1900,1900,1940,-70.247,43.657,70.0,50-75,61,9.0,0-30
216,portlincoln_023_australia.csv,1999,1950,1900,1900,1900,1900,1900,1900,1900,135.86,-34.72,110.0,100-125,39,71.0,60-90
217,portlonsdale_017_australia.csv,1994,1950,1950,1900,1900,1900,1900,1900,1900,138.5,-35.099,110.0,100-125,42,68.0,60-90
218,porto_torres_porto+torres_italy.csv,2007,2007,1988,1900,1900,1900,1900,1900,1900,8.4039,40.842,110.0,100-125,14,96.0,90-120
219,portpatrick_p063_uk.csv,2009,1987,1973,1973,1921,1900,1900,1900,1921,-5.12,54.843,89.0,75-100,40,49.0,30-60
220,portpirie_024_australia.csv,1992,1950,1900,1900,1900,1900,1900,1900,1900,138.01,-33.177,110.0,100-125,63,47.0,30-60
221,portrush_p935_uk.csv,2009,2009,1921,1921,1921,1900,1900,1900,1921,-6.6568,55.207,89.0,75-100,18,71.0,60-90
222,portsmouth_p008_uk.csv,2009,1990,1973,1921,1921,1900,1900,1900,1921,-1.1118,50.803,89.0,75-100,22,67.0,60-90
223,"port_angeles,_wa_584a_usa.csv",1994,1972,1972,1944,1944,1944,1900,1900,1944,-123.44,48.125,66.0,50-75,23,43.0,30-60
224,port_bloc_.csv,1977,1916,1900,1900,1900,1900,1900,1900,1900,-1.0616,45.569,110.0,100-125,19,91.0,90-120
225,port_camargue_france.csv,2008,1988,1957,1900,1900,1900,1900,1900,1900,4.1264,43.52,110.0,100-125,2,108.0,90-120
226,port_chalmers_669a_new_zealand.csv,2004,1985,1974,1962,1962,1962,1948,1948,1962,170.65,-45.817,48.0,0-50,14,34.0,30-60
227,port_elizabeth_184a_south_africa.csv,1989,1983,1983,1983,1943,1943,1943,1942,1983,25.63,-33.96,27.0,0-50,24,3.0,0-30
228,port_kembla_342a_australia.csv,2008,1951,1900,1900,1900,1900,1900,1900,1950,150.91,-34.473,60.0,50-75,21,39.0,30-60
229,"port_orford,_or_557a_usa.csv",2009,2009,2009,1947,1900,1900,1900,1900,1947,-124.5,42.74,63.0,50-75,14,49.0,30-60
230,port_stanley_a_290a_united_kingdom.csv,2008,2000,2000,2000,1974,1900,1900,1900,discard,-57.867,-52.7,,,4,,nan
231,port_stanley_b_290b_united_kingdom.csv,2007,1997,1997,1997,1974,1974,1974,1900,discard,-57.933,-51.75,,,14,,nan
232,port_stanvac_100a_australia.csv,1994,1950,1950,1950,1900,1900,1900,1900,1900,138.47,-35.108,110.0,100-125,18,92.0,90-120
233,port_tudy_.csv,1982,1973,1973,1900,1900,1900,1900,1900,1900,-3.4459,47.644,110.0,100-125,38,72.0,60-90
234,port_vendres_france.csv,2008,1988,1900,1900,1900,1900,1900,1900,1900,3.1075,42.52,110.0,100-125,21,89.0,60-90
235,"prudhoe_bay,_ak_579a_usa.csv",2001,1943,1940,1940,1940,1940,1900,1900,1940,-148.53,70.4,70.0,50-75,19,51.0,30-60
236,"qaqortoq,greenland_001.csv",2008,2008,1971,1964,1938,1938,1900,1900,1938,-46.033,60.717,72.0,50-75,6,66.0,60-90
237,ravenna_ravenna_italy.csv,1994,1993,1900,1900,1900,1900,1900,1900,1900,12.283,44.492,110.0,100-125,15,95.0,90-120
238,reedypoint_usa.csv,1953,1941,1940,1900,1900,1900,1900,1900,1930,-75.573,39.558,80.0,75-100,33,47.0,30-60
239,ringhals_016_sweden.csv,2008,2008,1971,1900,1900,1900,1900,1900,1900,12.113,57.25,110.0,100-125,45,65.0,60-90
240,roervik_005_norway.csv,2009,2008,1900,1900,1900,1900,1900,1900,1900,11.23,64.859,110.0,100-125,44,66.0,60-90
241,roscoff_.csv,1997,1973,1973,1973,1916,1900,1900,1900,1900,-3.9657,48.718,110.0,100-125,36,74.0,60-90
242,rothera_uk.csv,2008,2006,2006,2006,2006,1967,1946,1900,1975,-68.133,-67.567,35.0,0-50,11,24.0,0-30
243,"sabine_pass_n,tx_766a_usa.csv",2007,1998,1998,1996,1961,1900,1900,1900,1938,-93.87,29.73,72.0,50-75,21,51.0,30-60
244,sagunto_sagunto_spain.csv,1945,1900,1900,1900,1900,1900,1900,1900,1900,-0.206,39.634,110.0,100-125,7,103.0,90-120
245,saint_gildas_.csv,1979,1973,1900,1900,1900,1900,1900,1900,1900,-2.2464,47.14,110.0,100-125,39,71.0,60-90
246,saint_jean_de_luz_so_.csv,1957,1957,1900,1900,1900,1900,1900,1900,1900,-1.6816,43.395,110.0,100-125,39,71.0,60-90
247,saint_malo_.csv,2009,1976,1973,1900,1900,1900,1900,1900,1900,-2.0281,48.641,110.0,100-125,19,91.0,90-120
248,saint_nazaire_.csv,1982,1973,1900,1900,1900,1900,1900,1900,1900,-2.2016,47.267,110.0,100-125,29,81.0,60-90
249,saint_paul_179a_france.csv,2009,2009,2004,2001,1958,1949,1949,1949,1978,77.538,-38.712,32.0,0-50,11,21.0,0-30
250,sakai_japan.csv,1945,1944,1944,1944,1944,1944,1944,1944,1944,133.25,35.55,66.0,50-75,52,14.0,0-30
251,saldahna_bay_703a_south_africa.csv,2008,2007,2004,1974,1945,1943,1943,1943,discard,17.95,-33.017,,,22,,nan
252,sandyhook_usa.csv,1999,1995,1940,1900,1900,1900,1900,1900,1940,-74.009,40.467,70.0,50-75,63,7.0,0-30
253,"sand_point,ak_574a_usa.csv",2005,1954,1954,1943,1900,1900,1900,1900,1954,-160.5,55.337,56.0,50-75,38,18.0,0-30
254,sanfrancisco_usa.csv,2009,2009,2009,2009,2009,1983,1900,1900,1977,-122.47,37.807,33.0,0-50,65,-32.0,(-60)-(-30)
255,santander_ieo_spain.csv,1957,1921,1921,1900,1900,1900,1900,1900,1900,-3.79,43.461,110.0,100-125,65,45.0,30-60
256,scott_base_663a_new_zealand.csv,2009,2006,2006,2006,2006,2006,2006,2006,discard,166.75,-77.85,,,4,,nan
257,seattle_usa.csv,2006,2005,1972,1944,1944,1944,1900,1900,1944,-122.34,47.603,66.0,50-75,65,1.0,0-30
258,seldovia_usa.csv,2009,1943,1943,1943,1943,1943,1942,1900,1943,-151.72,59.44,67.0,50-75,34,33.0,30-60
259,sete_france.csv,2008,1988,1957,1900,1900,1900,1900,1900,1900,3.6991,43.398,110.0,100-125,16,94.0,90-120
260,"seward_c,ak_560c_usa.csv",2009,1974,1944,1943,1943,1943,1900,1900,1943,-149.43,60.12,67.0,50-75,40,27.0,0-30
261,"sewellspoint,hamptonroads_usa.csv",1946,1945,1945,1945,1900,1900,1900,1900,1941,-76.33,36.947,69.0,50-75,65,4.0,0-30
262,shanwei_641a_china.csv,2009,2009,2009,2003,2003,1964,1900,1900,1943,115.35,22.75,67.0,50-75,23,44.0,30-60
263,shimokita_japan.csv,1981,1963,1953,1944,1944,1900,1900,1900,1944,141.23,41.367,66.0,50-75,17,49.0,30-60
264,simon_s_town_221a_south_africa.csv,2008,2007,2006,2006,1978,1945,1945,1942,1978,18.433,-34.183,32.0,0-50,36,-4.0,(-15)-(0)
265,"sisimiut,greenland_001.csv",2007,2000,2000,2000,1961,1900,1900,1900,1961,-53.667,66.933,49.0,0-50,7,42.0,30-60
266,"sitka,ak_559a_usa.csv",2009,1976,1944,1944,1944,1900,1900,1900,1944,-135.34,57.052,66.0,50-75,73,-7.0,(-15)-(0)
267,skagway_usa.csv,2007,1973,1957,1957,1947,1947,1900,1900,1947,-135.33,59.45,63.0,50-75,32,31.0,30-60
268,smogen_020_sweden.csv,2008,1900,1900,1900,1900,1900,1900,1900,1900,11.218,58.354,110.0,100-125,56,54.0,30-60
269,solomonsisland_biol.lab.__usa.csv,1985,1985,1900,1900,1900,1900,1900,1900,1900,-76.452,38.317,110.0,100-125,30,80.0,60-90
270,"south_beach,or_592a_usa.csv",2009,1996,1994,1994,1994,1994,1900,1900,1994,-124.04,44.625,16.0,0-50,46,-30.0,(-60)-(-30)
271,springmaidpier_usa.csv,2003,1964,1946,1946,1946,1900,1900,1900,1946,-78.918,33.655,64.0,50-75,34,30.0,0-30
272,spring_bay_335a_australia.csv,2001,1983,1973,1973,1973,1973,1900,1900,1973,147.93,-42.55,37.0,0-50,26,11.0,0-30
273,st.paulisland_001.csv,2009,2009,2001,2001,1958,1949,1939,1939,1949,77.583,-38.717,61.0,50-75,4,57.0,30-60
274,st.petersburg_usa.csv,2005,2003,2003,1941,1900,1900,1900,1900,1941,-82.627,27.761,69.0,50-75,63,6.0,0-30
275,"st._augustine,fl_262a_usa.csv",2003,2003,1964,1964,1964,1964,1900,1900,1941,-81.262,29.857,69.0,50-75,9,60.0,30-60
276,st._john_s_b_276b_canada.csv,2009,2004,1942,1941,1900,1900,1900,1900,1941,-52.7,47.567,69.0,50-75,47,22.0,0-30
277,"st._petersburg,_fl_759a_usa.csv",2003,2003,1941,1941,1941,1900,1900,1900,1941,-82.627,27.76,69.0,50-75,63,6.0,0-30
278,stanley_uk.csv,2008,2005,1997,1975,1974,1974,1974,1900,discard,-57.821,-51.692,,,17,,nan
279,stenungsund_022_sweden.csv,2008,1971,1900,1900,1900,1900,1900,1900,1900,11.832,58.093,110.0,100-125,49,61.0,60-90
280,sthelier_p074_uk.csv,2009,2008,1973,1973,1921,1921,1900,1900,1921,-2.1167,49.183,89.0,75-100,22,67.0,60-90
281,stmarys_p231_uk.csv,2008,1982,1973,1921,1921,1900,1900,1900,1921,-6.3164,49.918,89.0,75-100,15,74.0,60-90
282,stornoway_p042_uk.csv,2009,1987,1921,1921,1921,1900,1900,1900,1921,-6.3882,58.208,89.0,75-100,30,59.0,30-60
283,taranaki_076a_new_zealand.csv,2001,1982,1979,1970,1900,1900,1900,1900,1925,174.03,-39.05,85.0,75-100,23,62.0,60-90
284,tauranga_073a_new_zealand.csv,2007,1978,1948,1948,1948,1920,1920,1900,1920,176.18,-37.65,90.0,75-100,24,66.0,60-90
285,tenerife_tenerife_spain.csv,2009,2009,2009,1900,1900,1900,1900,1900,1900,-16.24,28.478,110.0,100-125,21,89.0,60-90
286,thevenard_026_australia.csv,1994,1923,1900,1900,1900,1900,1900,1900,1900,133.65,-32.146,110.0,100-125,39,71.0,60-90
287,timaru_665a_new_zealand.csv,2004,1981,1980,1962,1962,1962,1900,1900,1948,171.25,-44.383,62.0,50-75,15,47.0,30-60
288,tobermory_p223_uk.csv,2009,1991,1921,1921,1921,1900,1900,1900,1900,-6.0642,56.623,110.0,100-125,20,90.0,60-90
289,toulon_france.csv,2008,1988,1900,1900,1900,1900,1900,1900,1900,5.9131,43.117,110.0,100-125,27,83.0,60-90
290,tregde_006_norway.csv,1995,1900,1900,1900,1900,1900,1900,1900,1900,7.5666,58.0,110.0,100-125,45,65.0,60-90
291,trieste_270061_italy.csv,1993,1993,1988,1900,1900,1900,1900,1900,1900,13.75,45.65,110.0,100-125,43,67.0,60-90
292,ullapool_p043_uk.csv,2009,1991,1921,1900,1900,1900,1900,1900,1900,-5.1579,57.895,110.0,100-125,35,75.0,60-90
293,unalaska_usa.csv,2002,2002,2002,1999,1999,1999,1900,1900,1945,-166.54,53.88,65.0,50-75,32,33.0,30-60
294,ushuaia_600a_argentina.csv,2007,2005,2005,2005,2005,2005,1900,1900,discard,-68.217,-54.817,,,7,,nan
295,"valdez,ak_562a_usa.csv",1995,1973,1943,1943,1942,1900,1900,1900,1942,-146.36,61.125,68.0,50-75,34,34.0,30-60
296,valencia_valencia_spain.csv,2000,1900,1900,1900,1900,1900,1900,1900,1900,-0.33,39.46,110.0,100-125,22,88.0,60-90
297,varberg1_024_sweden.csv,2008,1972,1900,1900,1900,1900,1900,1900,1900,12.217,57.1,110.0,100-125,20,90.0,60-90
298,"vardo,norway_001.csv",2008,1989,1928,1900,1900,1900,1900,1900,1900,31.1,70.333,110.0,100-125,28,82.0,60-90
299,venezia_punta_salute_italy.csv,1993,1921,1900,1900,1900,1900,1900,1900,1900,12.426,45.419,110.0,100-125,33,77.0,60-90
300,vernadsky_a003_uk+ukraine.csv,2009,2006,2006,2006,1946,1946,1946,1946,discard,-64.267,-65.25,,,31,,nan
301,victorharbor_027_australia.csv,1999,1983,1950,1900,1900,1900,1900,1900,1900,138.62,-35.553,110.0,100-125,37,73.0,60-90
302,"victoria,bc_543a_canada.csv",1994,1994,1972,1944,1944,1900,1900,1900,1944,-123.37,48.422,66.0,50-75,102,-36.0,(-60)-(-30)
303,vigo_ieo_spain.csv,1957,1956,1921,1921,1900,1900,1900,1900,1900,-8.7333,42.233,110.0,100-125,67,43.0,30-60
304,viken_025_sweden.csv,2008,2008,1900,1900,1900,1900,1900,1900,1900,12.579,56.142,110.0,100-125,39,71.0,60-90
305,villagarcia_villagarcia_spain.csv,1964,1956,1921,1921,1900,1900,1900,1900,1900,-8.77,42.601,110.0,100-125,17,93.0,90-120
306,wakkanai_japan.csv,1981,1959,1934,1900,1900,1900,1900,1900,1900,141.68,45.4,110.0,100-125,53,57.0,30-60
307,washingtondc_usa.csv,1941,1941,1940,1900,1900,1900,1900,1900,1940,-77.022,38.873,70.0,50-75,64,6.0,0-30
308,wellington_071a_new_zealand.csv,2003,1979,1948,1948,1922,1900,1900,1900,1948,174.78,-41.283,62.0,50-75,67,-5.0,(-15)-(0)
309,weymouth_p991_uk.csv,2009,1973,1973,1973,1973,1921,1921,1900,1921,-2.4479,50.608,89.0,75-100,21,68.0,60-90
310,whitby_p174_uk.csv,2009,1973,1946,1900,1900,1900,1900,1900,1900,-0.61417,54.49,110.0,100-125,29,81.0,60-90
311,wick_p035_uk.csv,2009,1987,1900,1900,1900,1900,1900,1900,1900,-3.0863,58.441,110.0,100-125,43,67.0,60-90
312,"willapa_bay,_wa_564a_usa.csv",2009,1972,1972,1972,1900,1900,1900,1900,1947,-123.97,46.708,63.0,50-75,38,25.0,0-30
313,willetspoint_usa.csv,1972,1971,1971,1971,1950,1900,1900,1900,1940,-73.782,40.793,70.0,50-75,46,24.0,0-30
314,williamstown_028_australia.csv,1999,1950,1950,1900,1900,1900,1900,1900,1900,144.9,-37.857,110.0,100-125,39,71.0,60-90
315,"woods_hole,ma_742a_usa.csv",2009,2009,2009,1900,1900,1900,1900,1900,1940,-70.672,41.523,70.0,50-75,49,21.0,0-30
316,workington_p217_uk.csv,2009,1973,1945,1945,1900,1900,1900,1900,1900,-3.5676,54.651,110.0,100-125,22,88.0,60-90
317,xiamen_376a_china.csv,2009,2009,2009,1966,1966,1942,1900,1900,1942,118.07,24.45,68.0,50-75,44,24.0,0-30
318,yakutat_usa.csv,1982,1973,1944,1944,1944,1900,1900,1900,1944,-139.74,59.548,66.0,50-75,47,19.0,0-30
319,zhapo_a_635a_china.csv,2009,2009,2009,1972,1942,1900,1900,1900,1965,111.83,21.583,45.0,0-50,24,21.0,0-30
